vsx,objectId,CV_probability_RS_12_best,CV_probability_RS_24_best,CV_probability_RS_32_best,CV_probability_RS_42_best,CV_probability_RS_58_best,CV_probability_RS_12_1_best,finkclass_RS_12_1_best,mean_probability_file1,CV_probability_RS_12_previous,CV_probability_RS_24_previous,CV_probability_RS_32_previous,CV_probability_RS_42_previous,CV_probability_RS_58_previous,CV_probability_RS_12_1_previous,mean_probability_file2,mean_probability_all_12
YSO,ZTF18acuxpxi,0.9995727,0.99956614,0.9662461,0.9994803,0.99929917,0.9994867,Unknown,0.993941852,0.9809537,0.98954135,0.97944885,0.9887432,0.9897949,0.98828006,0.98612701,0.990034431
Unknown,ZTF20adbxgzv,0.99844956,0.99968374,0.95267975,0.9994893,0.99876463,0.9983577,Unknown,0.991237447,0.9751438,0.98917514,0.97731704,0.9911442,0.9897949,0.9914846,0.985676613,0.98845703
Unknown,ZTF18acukars,0.9985469,0.99975413,0.96490246,0.9992409,0.99940705,0.99956864,Unknown,0.993570013,0.95834935,0.98963916,0.98594296,0.98177433,0.9831949,0.98467547,0.980596028,0.987083021
UGSS+EW,ZTF24abyucsd,0.99982196,0.9995115,0.95842826,0.9992643,0.9985397,0.9995474,CataclyV*,0.992518853,0.957801,0.98944795,0.97879434,0.97821224,0.9866366,0.9925706,0.980577122,0.986547988
UGSU,ZTF19aapwyle,0.9988009,0.9998037,0.95815307,0.99650204,0.9986951,0.9986986,CataclyV*,0.991775568,0.97633773,0.9823926,0.9659163,0.984766,0.9809183,0.98677504,0.979517662,0.985646615
UGSU,ZTF18abtlkco,0.99929047,0.9990207,0.944003,0.99706227,0.9990921,0.9985862,CataclyV*,0.989509123,0.9690248,0.9826146,0.97127616,0.985683,0.9825864,0.98753023,0.979785865,0.984647494
UG:,ZTF18abpokwo,0.9978102,0.9994499,0.9470699,0.99833184,0.9987872,0.99743015,CataclyV*,0.989813198,0.9818786,0.977549,0.9627599,0.9862833,0.9817166,0.9762172,0.9777341,0.983773649
UGSU+E,ZTF18aakbyuy,0.9995209,0.99974686,0.94998586,0.99668944,0.99926275,0.998809,CataclyV*,0.990669135,0.9810874,0.97758377,0.9598181,0.9815254,0.9839968,0.97381955,0.97630517,0.983487153
AGN:/Unknown,ZTF17aaagywy,0.9987483,0.99965703,0.96161413,0.99840695,0.99777323,0.99825245,CataclyV*,0.992408682,0.9633637,0.9833196,0.95805645,0.9743035,0.98100513,0.98379415,0.973973755,0.983191218
UGSU,ZTF18abscjio,0.999936,0.9995346,0.9548877,0.99888915,0.9988129,0.9993315,CataclyV*,0.991898642,0.9740534,0.9674192,0.97087157,0.97458714,0.97118133,0.9849185,0.973838523,0.982868583
UGSU,ZTF18adnclwb,0.999936,0.9995346,0.9548877,0.99888915,0.9988129,0.9993315,CataclyV*,0.991898642,0.9740534,0.9674192,0.97087157,0.97458714,0.97118133,0.9849185,0.973838523,0.982868583
CV,ZTF25aaapxey,0.99462104,0.9992968,0.9465691,0.9981667,0.996391,0.9954633,CataclyV*,0.98841799,0.9704544,0.98131794,0.9675964,0.9821399,0.97483224,0.98557,0.976985147,0.982701568
CV,ZTF19aachvbn,0.99462104,0.9992968,0.9465691,0.9981667,0.996391,0.9954633,CataclyV*,0.98841799,0.9704544,0.98131794,0.9675964,0.9821399,0.97483224,0.98557,0.976985147,0.982701568
Unknown,ZTF18adjcgck,0.99894613,0.9976006,0.95220155,0.9988715,0.99605054,0.9991642,Unknown,0.99047242,0.96648675,0.97195643,0.9738104,0.96422446,0.9817253,0.97878224,0.97283093,0.981651675
EA,ZTF25abungcd,0.9984464,0.9966545,0.94730836,0.99874336,0.9983777,0.9981059,CataclyV*,0.989606037,0.9808195,0.96054953,0.94475967,0.98304224,0.9846117,0.9821848,0.97266124,0.981133638
EA,ZTF17aaarnyo,0.9984464,0.9966545,0.94730836,0.99874336,0.9983777,0.9981059,CataclyV*,0.989606037,0.9808195,0.96054953,0.94475967,0.98304224,0.9846117,0.9821848,0.97266124,0.981133638
 UGSU:+E,ZTF18ablsygi,0.9990427,0.99820256,0.94807976,0.9898447,0.9966846,0.9959609,CataclyV*,0.987969203,0.9702976,0.9723724,0.9538171,0.97458714,0.9833726,0.98371005,0.973026148,0.980497676
UG,ZTF18adorebv,0.9995142,0.99970657,0.954775,0.9995938,0.9994248,0.99930096,CataclyV*,0.992052555,0.9553727,0.9671784,0.97231966,0.9667936,0.9584653,0.98447,0.967433277,0.979742916
UG,ZTF18aceljyy,0.9995142,0.99970657,0.954775,0.9995938,0.9994248,0.99930096,CataclyV*,0.992052555,0.9553727,0.9671784,0.97231966,0.9667936,0.9584653,0.98447,0.967433277,0.979742916
UGSU,ZTF18aahbzdk,0.99895144,0.9983967,0.94807976,0.99450374,0.99815327,0.99746025,CataclyV*,0.989257527,0.9702976,0.97215366,0.9538171,0.95981014,0.9833726,0.9723297,0.968630133,0.97894383
CV,ZTF18acpszwx,0.9950911,0.9979373,0.9573881,0.99825054,0.9988422,0.99822444,CataclyV*,0.990955613,0.9729222,0.97943294,0.9335041,0.97543496,0.9702626,0.9664266,0.966330567,0.97864309
AM+E,ZTF18acyutkw,0.9784586,0.99892896,0.95554125,0.9974583,0.9986029,0.99549294,CataclyV*,0.987413825,0.97081584,0.98447686,0.9668628,0.97789234,0.9602951,0.95740575,0.969624782,0.978519303
UGSU,ZTF17aaadasj,0.999438,0.99942267,0.9419175,0.99601525,0.9925085,0.9990538,CataclyV*,0.988059287,0.9748521,0.9747421,0.96350366,0.9761297,0.9645416,0.95979565,0.968927468,0.978493378
UGSU,ZTF17aaavfwx,0.999438,0.99942267,0.9419175,0.99601525,0.9925085,0.9990538,CataclyV*,0.988059287,0.9748521,0.9747421,0.96350366,0.9761297,0.9645416,0.95979565,0.968927468,0.978493378
UGZ:,ZTF18aabjida,0.9966744,0.9993498,0.9476655,0.99809784,0.9954052,0.9989385,CataclyV*,0.989355207,0.93380827,0.97937185,0.95896435,0.9868596,0.96768963,0.9710623,0.966292667,0.977823937
UG,ZTF19accsxgq,0.9992933,0.9974681,0.95121825,0.9967616,0.99786216,0.99771667,CataclyV*,0.990053347,0.96007276,0.972451,0.9679721,0.9450902,0.98100513,0.9635062,0.965016232,0.977534789
Unknown,ZTF24abvzhxj,0.9878209,0.99665916,0.95130074,0.9947754,0.99506384,0.9912443,Unknown,0.986144057,0.9658762,0.98163646,0.96365786,0.9872372,0.9556005,0.95403063,0.968006475,0.977075266
CV,ZTF18aajnorp,0.9993861,0.99928707,0.9479961,0.9987685,0.99835795,0.9993782,CataclyV*,0.990528987,0.9232482,0.9543659,0.97239316,0.9821525,0.95693225,0.9870374,0.962688235,0.976608611
UG,ZTF18abfzjgt,0.9864434,0.9938783,0.95819575,0.996434,0.9907037,0.99444205,CataclyV*,0.986682867,0.9589578,0.97775054,0.9543472,0.97845525,0.97027075,0.95457137,0.965725485,0.976204176
UG,ZTF18acebhoz,0.9961689,0.9995697,0.9527453,0.99266666,0.9974957,0.95678866,CataclyV*,0.982572487,0.96924186,0.9813021,0.9575571,0.9769096,0.9704869,0.9619374,0.969572493,0.97607249
 CV+E,ZTF19aacsgha,0.9964509,0.99700516,0.93902045,0.9959759,0.9929946,0.9977584,CataclyV*,0.986534235,0.9568993,0.95633703,0.96537757,0.97414225,0.9673757,0.957652,0.962963975,0.974749105
UG,ZTF17aabxrbe,0.999012,0.99944717,0.9479991,0.9914062,0.9992067,0.99892646,CataclyV*,0.989332938,0.97220963,0.957623,0.95724773,0.9594708,0.9673904,0.947018,0.960159927,0.974746432
UGSU/Unknown,ZTF18acvwayb,0.9981464,0.9954367,0.9290682,0.9912158,0.9976386,0.9968315,CataclyV*,0.984722867,0.953851,0.9756266,0.95385,0.9612432,0.9825864,0.9550682,0.963704233,0.97421355
UGSU,ZTF18abxifnp,0.99978,0.9987602,0.9279604,0.9978694,0.99768865,0.99572146,CataclyV*,0.986296685,0.9490158,0.9807421,0.9547363,0.9348015,0.9825864,0.9707573,0.962106567,0.974201626
 AM:+E,ZTF17aaaizeq,0.997439,0.9987936,0.9504166,0.98841876,0.9971885,0.9952826,CataclyV*,0.987923177,0.9713373,0.9658601,0.9537001,0.9710598,0.95013136,0.9468235,0.959818693,0.973870935
 AM:+E,ZTF21acovods,0.997439,0.9987936,0.9504166,0.98841876,0.9971885,0.9952826,CataclyV*,0.987923177,0.9713373,0.9658601,0.9537001,0.9710598,0.95013136,0.9468235,0.959818693,0.973870935
Unknown,ZTF18aahpbwz,0.99869424,0.99337596,0.9474386,0.99557626,0.99592245,0.9942114,Unknown,0.987536485,0.9515464,0.9558826,0.95678973,0.96074766,0.9770363,0.9530116,0.959169048,0.973352767
UG,ZTF18aczddtb,0.99299884,0.99640983,0.9324067,0.9980944,0.9973115,0.9953322,CataclyV*,0.985425578,0.9603226,0.9430144,0.94760096,0.97658336,0.9653044,0.9689099,0.96028927,0.972857424
UG,ZTF18aaglptg,0.99939215,0.99807787,0.9393312,0.9960537,0.9994221,0.99667823,CataclyV*,0.988159208,0.9681959,0.96778417,0.94513243,0.9409017,0.9747138,0.94797176,0.95744996,0.972804584
UGSU+E,ZTF18acnnqbn,0.998406,0.9931431,0.9414933,0.98824614,0.9882013,0.99132955,CataclyV*,0.983469898,0.96145475,0.96630657,0.9514191,0.9601254,0.97677815,0.9530116,0.961515928,0.972492913
CV,ZTF18aaaoiqg,0.9996062,0.99660045,0.9604778,0.9967662,0.99699295,0.9977962,CataclyV*,0.9913733,0.9619885,0.95501876,0.95163035,0.96063656,0.94644946,0.94482565,0.95342488,0.97239909
NL:+E/Unknown,ZTF18abvfyyr,0.99759126,0.98384917,0.9197815,0.9958412,0.99847645,0.9965784,CataclyV*,0.982019663,0.9732372,0.9684738,0.956774,0.957679,0.9650162,0.95011425,0.961882408,0.971951036
UG+E,ZTF18acbwfii,0.99921167,0.9937716,0.9240674,0.99444264,0.99576914,0.9967892,CataclyV*,0.984008608,0.9629206,0.9646868,0.9406178,0.9521584,0.9809858,0.95601344,0.959563807,0.971786208
ROT,ZTF18aczdnsx,0.9832523,0.99859816,0.93894523,0.9905944,0.9605412,0.99189293,Unknown,0.977304037,0.9486927,0.96493906,0.9707371,0.9709401,0.9598321,0.97408843,0.964871582,0.971087809
AM,ZTF17aaaizfe,0.99493533,0.9960057,0.9376698,0.997031,0.99686086,0.9968129,CataclyV*,0.986552598,0.9107835,0.9660994,0.9616811,0.9648505,0.97379446,0.95461375,0.955303785,0.970928192
Unknown,ZTF18accdkuh,0.99620456,0.9971199,0.9442909,0.9939031,0.9864991,0.9985367,Unknown,0.986092377,0.93521905,0.9613723,0.960039,0.96078545,0.97110593,0.9439537,0.955412572,0.970752474
UGSU,ZTF18adnjjcs,0.999244,0.99920267,0.9470808,0.99186784,0.99896204,0.99515283,CataclyV*,0.98858503,0.9695097,0.9626117,0.9239117,0.9494673,0.97355485,0.9357937,0.952474825,0.970529927
UGSU,ZTF18abtgioa,0.999244,0.99920267,0.9470808,0.99186784,0.99896204,0.99515283,CataclyV*,0.98858503,0.9695097,0.9626117,0.9239117,0.9494673,0.97355485,0.9357937,0.952474825,0.970529927
DQ/AE+E/EW,ZTF18aaaegeh,0.99628615,0.99752706,0.9526114,0.99795216,0.9992169,0.9971981,CataclyV*,0.990131962,0.93203175,0.93346244,0.94196105,0.9615319,0.95097226,0.98262125,0.950430108,0.970281035
DQ/AE+E/EW,ZTF18aabfddh,0.99628615,0.99752706,0.9526114,0.99795216,0.9992169,0.9971981,CataclyV*,0.990131962,0.93203175,0.93346244,0.94196105,0.9615319,0.95097226,0.98262125,0.950430108,0.970281035
DQ,ZTF19aadoqcb,0.9980719,0.99815124,0.95211595,0.9986154,0.9955498,0.9990984,CataclyV*,0.990267115,0.93521905,0.9571631,0.94171065,0.948329,0.9675424,0.9389951,0.948159883,0.969213499
UG,ZTF18abvzkly,0.998831,0.9985738,0.9057016,0.9900461,0.993708,0.9891852,CataclyV*,0.97934095,0.9616376,0.96298635,0.915042,0.9810255,0.96712786,0.95655745,0.957396127,0.968368538
UG,ZTF18aaawnsj,0.9480001,0.99687433,0.9405315,0.9905427,0.99045825,0.9762683,CataclyV*,0.973779197,0.9374941,0.9817493,0.948349,0.9798728,0.95471877,0.9624353,0.960769878,0.967274537
Unknown,ZTF19ablfrnj,0.99854434,0.9969193,0.9490845,0.99891746,0.9972562,0.9980369,Unknown,0.989793117,0.9085119,0.93984854,0.9554196,0.9552588,0.97396266,0.93138576,0.944064543,0.96692883
UG,ZTF17aaaeslm,0.99892396,0.99883443,0.9414957,0.9984591,0.99641126,0.9987785,CataclyV*,0.988817158,0.93833953,0.9417519,0.94079787,0.9569421,0.92867756,0.952832,0.943223493,0.966020326
Unknown,ZTF19acecitx,0.9959955,0.9933304,0.94510037,0.99031,0.989813,0.98877305,CataclyV*,0.983887053,0.94726914,0.9497657,0.9071916,0.9568649,0.9468584,0.9766837,0.947438907,0.96566298
UG,ZTF18accluii,0.99807274,0.99589384,0.93169796,0.99192,0.99377644,0.9679263,CataclyV*,0.979881213,0.97020197,0.9579977,0.9146907,0.954646,0.95537376,0.95123017,0.95069005,0.965285632
UG/Unknown,ZTF18aabjfue,0.99562496,0.98962665,0.9433108,0.9648462,0.99349046,0.96367466,CataclyV*,0.975095622,0.9516115,0.97652185,0.928992,0.97653675,0.9555487,0.9427667,0.955329583,0.965212603
Unknown,ZTF18acpdnmd,0.9976271,0.9959907,0.9421403,0.9739256,0.9668328,0.99602306,Unknown,0.978756593,0.9639247,0.9541351,0.93603355,0.94757867,0.9758505,0.93067044,0.951365493,0.965061043
,ZTF19adgjekg,0.9930948,0.9888432,0.9370146,0.98433083,0.97802633,0.99180156,CataclyV*,0.978851887,0.9485015,0.95588523,0.9410545,0.9566292,0.9613092,0.9437928,0.951195405,0.965023646
UG,ZTF19aailvcw,0.9930948,0.9888432,0.9370146,0.98433083,0.97802633,0.99180156,CataclyV*,0.978851887,0.9485015,0.95588523,0.9410545,0.9566292,0.9613092,0.9437928,0.951195405,0.965023646
NL+E/UGER+UGZ+E/Unknown,ZTF18admeghs,0.99631196,0.9874665,0.93379736,0.99077713,0.99311054,0.9982838,CataclyV*,0.983291215,0.9506885,0.92993575,0.95655286,0.9648323,0.9430889,0.9327906,0.946314818,0.964803017
NL+E/UGER+UGZ+E,ZTF18abmjvgf,0.99631196,0.9874665,0.93379736,0.99077713,0.99311054,0.9982838,CataclyV*,0.983291215,0.9506885,0.92993575,0.95655286,0.9648323,0.9430889,0.9327906,0.946314818,0.964803017
UG,ZTF19aaaofsw,0.99527127,0.9967045,0.927464,0.98329824,0.98481214,0.9680339,CataclyV*,0.975930675,0.9106807,0.96565473,0.9418183,0.96522397,0.95073277,0.9809343,0.952507462,0.964219068
UGSU,ZTF18aaigpfi,0.997471,0.9946083,0.9099586,0.994965,0.9920054,0.993757,CataclyV*,0.980460883,0.9603435,0.9615359,0.9283385,0.9293179,0.9666885,0.93172634,0.946325107,0.963392995
UG,ZTF18aaawtyh,0.9880028,0.9966928,0.93524116,0.95950764,0.9878814,0.9837204,CataclyV*_Candidate,0.975174367,0.9516115,0.9689855,0.94989854,0.95408344,0.9370345,0.9387579,0.950061897,0.962618132
AM+E,ZTF18aabpoqs,0.98448074,0.98393667,0.9101406,0.9866194,0.9964675,0.9892931,CataclyV*,0.975156335,0.9801025,0.9616326,0.9104117,0.95055455,0.9569347,0.9186371,0.946378858,0.960767597
UGWZ,ZTF25aagvjel,0.9987594,0.9921382,0.95103836,0.99778605,0.9923114,0.9978649,CataclyV*,0.988316385,0.9114553,0.9201434,0.9395931,0.93934107,0.9664293,0.920788,0.932958362,0.960637373
UG,ZTF21abkkiam,0.99876535,0.9960653,0.9074216,0.99239373,0.9949574,0.99379313,CataclyV*,0.980566085,0.9014823,0.95784485,0.90383613,0.9459039,0.9537334,0.9759487,0.939791547,0.960178816
EW|EA/L,ZTF19aadunlb,0.9985713,0.9708147,0.9435064,0.99917907,0.996745,0.99852484,Unknown,0.984556885,0.920189,0.9304748,0.95620185,0.9375877,0.92177117,0.93938273,0.934267875,0.95941238
AM,ZTF17aabtlxj,0.97663474,0.9988696,0.9187326,0.98465043,0.9866078,0.9853473,CataclyV*,0.975140412,0.92561764,0.9587958,0.9301372,0.96497893,0.95377916,0.92674035,0.943341513,0.959240963
CV+E/NL+E,ZTF18aabjqhl,0.9666089,0.99101126,0.9186243,0.9930843,0.9891367,0.97632897,CataclyV*,0.972465738,0.97060364,0.9581473,0.9085953,0.94375044,0.95414335,0.9394388,0.945779805,0.959122772
RS,ZTF18adkgpbo,0.9939703,0.99689937,0.9266225,0.9990019,0.99686325,0.998162,Unknown,0.98525322,0.9165896,0.9077413,0.9371111,0.9434173,0.93642926,0.95629615,0.932930785,0.959092002
Unknown,ZTF21aagkfcx,0.9679511,0.9975414,0.90632147,0.9980077,0.9894937,0.9958668,Unknown,0.975863695,0.9139643,0.9362785,0.93590975,0.9777206,0.910944,0.97099733,0.94096908,0.958416387
