objectId,CV_probability_RS_12,CV_probability_RS_24,CV_probability_RS_32,CV_probability_RS_42,CV_probability_RS_58,CV_probability_RS_12_1,finkclass,number_of_files,common_in_files
ZTF17aaaadkj,0.98139703,0.987186,0.996101,0.98219484,0.99348915,0.99797446,CataclyV*,6,"RS_12, RS_24, RS_32, RS_42, RS_58, RS_12_1"
ZTF18adjrnpa,0.99740845,0.92630523,0.9923639,0.99023134,0.9825882,0.9758546,CataclyV*,6,"RS_12, RS_24, RS_32, RS_42, RS_58, RS_12_1"
ZTF18adnclwb,0.9717603,0.9986437,0.999308,0.9948061,0.999841,0.9982052,CataclyV*,6,"RS_12, RS_24, RS_32, RS_42, RS_58, RS_12_1"
ZTF18admqnex,0.97602284,0.99656576,0.9982418,0.9954203,0.99961746,0.9907465,CataclyV*,6,"RS_12, RS_24, RS_32, RS_42, RS_58, RS_12_1"
ZTF18admkrak,0.9940813,0.921757,0.9968861,0.98957765,0.94685984,0.9814291,Unknown,6,"RS_12, RS_24, RS_32, RS_42, RS_58, RS_12_1"
ZTF18admgyam,0.99307996,0.99450713,0.99087805,0.98951995,0.9914083,0.9966454,CataclyV*,6,"RS_12, RS_24, RS_32, RS_42, RS_58, RS_12_1"
ZTF18admftfr,0.98794764,0.9437852,0.9878578,0.9966415,0.99389994,0.9930529,CataclyV*,6,"RS_12, RS_24, RS_32, RS_42, RS_58, RS_12_1"
ZTF18admesgz,0.9887694,0.9651559,0.9920006,0.98438257,0.9729944,0.9910749,CataclyV*,6,"RS_12, RS_24, RS_32, RS_42, RS_58, RS_12_1"
ZTF18admeghs,0.99835664,0.99068135,0.9941247,0.9954743,0.9984301,0.9973979,CataclyV*,6,"RS_12, RS_24, RS_32, RS_42, RS_58, RS_12_1"
ZTF18abtlkco,0.99622786,0.99888784,0.9996666,0.99849355,0.99508566,0.99824846,CataclyV*,6,"RS_12, RS_24, RS_32, RS_42, RS_58, RS_12_1"
ZTF18abtmzoi,0.99307996,0.99450713,0.99087805,0.98951995,0.9914083,0.9966454,CataclyV*,6,"RS_12, RS_24, RS_32, RS_42, RS_58, RS_12_1"
ZTF18adkgpbo,0.9981956,0.9866794,0.9981723,0.9992107,0.97698385,0.994632,Unknown,6,"RS_12, RS_24, RS_32, RS_42, RS_58, RS_12_1"
ZTF18adjcgck,0.99224114,0.9921463,0.9947916,0.9986082,0.99874216,0.99532866,Unknown,6,"RS_12, RS_24, RS_32, RS_42, RS_58, RS_12_1"
ZTF18aaaheqt,0.99763,0.9098835,0.9395433,0.9015556,0.9752823,0.9864124,CataclyV*,6,"RS_12, RS_24, RS_32, RS_42, RS_58, RS_12_1"
ZTF18adfapdv,0.9921881,0.901214,0.96065617,0.9910426,0.9738546,0.9838668,Unknown,6,"RS_12, RS_24, RS_32, RS_42, RS_58, RS_12_1"
ZTF18abucowm,0.9698602,0.94680274,0.9358693,0.962422,0.95126396,0.9068974,CataclyV*,6,"RS_12, RS_24, RS_32, RS_42, RS_58, RS_12_1"
ZTF18adaygsx,0.9955526,0.98168427,0.96106,0.98874485,0.9639608,0.9880953,CataclyV*,6,"RS_12, RS_24, RS_32, RS_42, RS_58, RS_12_1"
ZTF18adalbvx,0.98545384,0.99799454,0.9971776,0.93371516,0.9981998,0.99846363,CataclyV*,6,"RS_12, RS_24, RS_32, RS_42, RS_58, RS_12_1"
ZTF18adakztt,0.99232507,0.9939215,0.99049896,0.9797182,0.996557,0.99449015,CataclyV*,6,"RS_12, RS_24, RS_32, RS_42, RS_58, RS_12_1"
ZTF18aczdnsx,0.99666315,0.94540894,0.99489105,0.98776835,0.998486,0.9715955,Unknown,6,"RS_12, RS_24, RS_32, RS_42, RS_58, RS_12_1"
ZTF18abuhqfi,0.99840933,0.99585885,0.99954164,0.9957203,0.9946812,0.99802715,CataclyV*,6,"RS_12, RS_24, RS_32, RS_42, RS_58, RS_12_1"
ZTF18acyutkw,0.97734857,0.9858882,0.99634165,0.99429286,0.9955949,0.9971468,CataclyV*,6,"RS_12, RS_24, RS_32, RS_42, RS_58, RS_12_1"
ZTF18acwycwi,0.99147975,0.9705837,0.9756447,0.92161775,0.96023816,0.9793396,CataclyV*,6,"RS_12, RS_24, RS_32, RS_42, RS_58, RS_12_1"
ZTF18abuipoy,0.97767067,0.97380143,0.9934769,0.9290641,0.99904794,0.9389236,CataclyV*,6,"RS_12, RS_24, RS_32, RS_42, RS_58, RS_12_1"
ZTF17aadfdfp,0.9801074,0.92059886,0.9551001,0.9984195,0.99827194,0.99850476,CataclyV*,6,"RS_12, RS_24, RS_32, RS_42, RS_58, RS_12_1"
ZTF18abtgioa,0.96992594,0.99507266,0.9960478,0.9966613,0.99730456,0.9987109,CataclyV*,6,"RS_12, RS_24, RS_32, RS_42, RS_58, RS_12_1"
ZTF18adnjjcs,0.96992594,0.99507266,0.9960478,0.9966613,0.99730456,0.9987109,CataclyV*,6,"RS_12, RS_24, RS_32, RS_42, RS_58, RS_12_1"
ZTF18adonnra,0.97137284,0.9769273,0.9971187,0.9910842,0.9880342,0.9961784,CataclyV*,6,"RS_12, RS_24, RS_32, RS_42, RS_58, RS_12_1"
ZTF19aadqmrg,0.99075294,0.9984419,0.99596417,0.98769367,0.99610233,0.99824524,CataclyV*,6,"RS_12, RS_24, RS_32, RS_42, RS_58, RS_12_1"
ZTF19aadoqcb,0.9992285,0.9954615,0.99420184,0.9905364,0.9915059,0.99819994,CataclyV*,6,"RS_12, RS_24, RS_32, RS_42, RS_58, RS_12_1"
ZTF19aacsznr,0.98686105,0.95781314,0.9408525,0.9441598,0.9552175,0.98555285,Unknown,6,"RS_12, RS_24, RS_32, RS_42, RS_58, RS_12_1"
ZTF18abraeev,0.98784536,0.9879602,0.9199511,0.99191535,0.9995981,0.9968802,CataclyV*,6,"RS_12, RS_24, RS_32, RS_42, RS_58, RS_12_1"
ZTF19aachvbn,0.99076885,0.9983517,0.99878675,0.9948591,0.9948679,0.9974606,CataclyV*,6,"RS_12, RS_24, RS_32, RS_42, RS_58, RS_12_1"
ZTF18abscjio,0.9717603,0.9986437,0.999308,0.9948061,0.999841,0.9982052,CataclyV*,6,"RS_12, RS_24, RS_32, RS_42, RS_58, RS_12_1"
ZTF17aaclmvx,0.9954834,0.97858834,0.9973387,0.9939167,0.9991442,0.9985379,CataclyV*,6,"RS_12, RS_24, RS_32, RS_42, RS_58, RS_12_1"
ZTF18abshook,0.99696606,0.9700842,0.9924826,0.9883719,0.98763996,0.9907246,Unknown,6,"RS_12, RS_24, RS_32, RS_42, RS_58, RS_12_1"
ZTF17aacmhee,0.9954834,0.97858834,0.9973387,0.9939167,0.9991442,0.9985379,CataclyV*,6,"RS_12, RS_24, RS_32, RS_42, RS_58, RS_12_1"
ZTF19aaaofsw,0.9862601,0.98316514,0.9960269,0.9967963,0.9974565,0.9099022,CataclyV*,6,"RS_12, RS_24, RS_32, RS_42, RS_58, RS_12_1"
ZTF18absqfjl,0.9967469,0.983733,0.9978399,0.9708284,0.98887324,0.9764168,CataclyV*,6,"RS_12, RS_24, RS_32, RS_42, RS_58, RS_12_1"
ZTF17aacqkto,0.9548464,0.97963834,0.9855216,0.92733014,0.9693127,0.9750152,CataclyV*,6,"RS_12, RS_24, RS_32, RS_42, RS_58, RS_12_1"
ZTF19aaacqia,0.91897935,0.9965714,0.9959604,0.95851225,0.9994599,0.99454355,CataclyV*,6,"RS_12, RS_24, RS_32, RS_42, RS_58, RS_12_1"
ZTF19aaacqaf,0.91897935,0.9965714,0.9959604,0.95851225,0.9994599,0.99454355,CataclyV*,6,"RS_12, RS_24, RS_32, RS_42, RS_58, RS_12_1"
ZTF17aacuafj,0.989626,0.98005635,0.9873103,0.9801301,0.977541,0.99561405,CataclyV*,6,"RS_12, RS_24, RS_32, RS_42, RS_58, RS_12_1"
ZTF17aacucfy,0.97529787,0.9958299,0.99803203,0.9379023,0.99406177,0.99651575,CataclyV*,6,"RS_12, RS_24, RS_32, RS_42, RS_58, RS_12_1"
ZTF17aacumib,0.9718036,0.91382396,0.9669093,0.99343586,0.9883295,0.9810698,CataclyV*,6,"RS_12, RS_24, RS_32, RS_42, RS_58, RS_12_1"
ZTF19aaacbdv,0.9970739,0.988605,0.9987562,0.9990489,0.9966536,0.9923597,CataclyV*,6,"RS_12, RS_24, RS_32, RS_42, RS_58, RS_12_1"
ZTF18abtdyju,0.923722,0.9570043,0.97010076,0.9696955,0.9978204,0.99778533,CataclyV*,6,"RS_12, RS_24, RS_32, RS_42, RS_58, RS_12_1"
ZTF18adppazu,0.99511707,0.9975152,0.99830014,0.989475,0.9987112,0.9967361,CataclyV*,6,"RS_12, RS_24, RS_32, RS_42, RS_58, RS_12_1"
ZTF18adorebv,0.99893063,0.99628395,0.99950004,0.99922776,0.9983608,0.99802554,CataclyV*,6,"RS_12, RS_24, RS_32, RS_42, RS_58, RS_12_1"
ZTF18aaaegeh,0.997981,0.9944547,0.9958003,0.99746346,0.99642473,0.9945943,CataclyV*,6,"RS_12, RS_24, RS_32, RS_42, RS_58, RS_12_1"
ZTF18acwevfv,0.99560094,0.99896693,0.9966223,0.98421246,0.99720734,0.99908483,CataclyV*,6,"RS_12, RS_24, RS_32, RS_42, RS_58, RS_12_1"
ZTF19aaedvik,0.98460984,0.95368546,0.95133907,0.99736446,0.9955537,0.9791878,CataclyV*,6,"RS_12, RS_24, RS_32, RS_42, RS_58, RS_12_1"
ZTF18aabiamf,0.9209808,0.9743361,0.9981351,0.9885959,0.9988331,0.98403615,CataclyV*,6,"RS_12, RS_24, RS_32, RS_42, RS_58, RS_12_1"
ZTF18acnlsiu,0.98453563,0.9326206,0.9965133,0.9091239,0.90904427,0.9512312,Unknown,6,"RS_12, RS_24, RS_32, RS_42, RS_58, RS_12_1"
ZTF18aabfqtp,0.97214633,0.99510264,0.97748214,0.9413763,0.94242513,0.9983865,CataclyV*,6,"RS_12, RS_24, RS_32, RS_42, RS_58, RS_12_1"
ZTF18abvzkly,0.9811013,0.95696044,0.99548894,0.9737181,0.99921834,0.9740791,CataclyV*,6,"RS_12, RS_24, RS_32, RS_42, RS_58, RS_12_1"
ZTF18aciberz,0.980034,0.92142165,0.998475,0.9674522,0.9984869,0.9743155,CataclyV*,6,"RS_12, RS_24, RS_32, RS_42, RS_58, RS_12_1"
ZTF18acfzgyy,0.9907767,0.9590978,0.9780392,0.95966035,0.9420517,0.9757023,Unknown,6,"RS_12, RS_24, RS_32, RS_42, RS_58, RS_12_1"
ZTF18aceyzdu,0.9772634,0.9379223,0.98467004,0.92707586,0.9172513,0.9475409,CataclyV*,6,"RS_12, RS_24, RS_32, RS_42, RS_58, RS_12_1"
ZTF18aceljyy,0.99893063,0.99628395,0.99950004,0.99922776,0.9983608,0.99802554,CataclyV*,6,"RS_12, RS_24, RS_32, RS_42, RS_58, RS_12_1"
ZTF18acecect,0.97137284,0.9769273,0.9971187,0.9910842,0.9880342,0.9961784,CataclyV*,6,"RS_12, RS_24, RS_32, RS_42, RS_58, RS_12_1"
ZTF18acebhoz,0.9958586,0.9807278,0.9976514,0.9502295,0.9987845,0.9882135,CataclyV*,6,"RS_12, RS_24, RS_32, RS_42, RS_58, RS_12_1"
ZTF18abwcaoz,0.9931457,0.9576663,0.99126434,0.9542824,0.9958639,0.97433144,CataclyV*,6,"RS_12, RS_24, RS_32, RS_42, RS_58, RS_12_1"
ZTF18acdvwxp,0.9955823,0.9962393,0.99413186,0.99752384,0.998898,0.99542,CataclyV*,6,"RS_12, RS_24, RS_32, RS_42, RS_58, RS_12_1"
ZTF18aabpzjg,0.9067209,0.97813886,0.91340166,0.98288226,0.96728057,0.96615934,CataclyV*,6,"RS_12, RS_24, RS_32, RS_42, RS_58, RS_12_1"
ZTF18aabiixt,0.9984798,0.94688004,0.9169792,0.92001706,0.98128307,0.991983,CataclyV*,6,"RS_12, RS_24, RS_32, RS_42, RS_58, RS_12_1"
ZTF18abwfkvl,0.9953616,0.9564568,0.9519297,0.9903604,0.9822134,0.9158662,CataclyV*,6,"RS_12, RS_24, RS_32, RS_42, RS_58, RS_12_1"
ZTF18accdkuh,0.9681718,0.94904417,0.98999244,0.9829427,0.9932019,0.9935569,Unknown,6,"RS_12, RS_24, RS_32, RS_42, RS_58, RS_12_1"
ZTF18acbylhk,0.9787677,0.9534065,0.93107307,0.97340506,0.99082327,0.95023036,Unknown,6,"RS_12, RS_24, RS_32, RS_42, RS_58, RS_12_1"
ZTF18acbwfii,0.99187183,0.9421676,0.9977817,0.9891417,0.9985606,0.9850386,CataclyV*,6,"RS_12, RS_24, RS_32, RS_42, RS_58, RS_12_1"
ZTF18abwpsyj,0.9816414,0.9594866,0.9899262,0.98281235,0.98965317,0.9901362,CataclyV*,6,"RS_12, RS_24, RS_32, RS_42, RS_58, RS_12_1"
ZTF18acavcwn,0.9572509,0.9692774,0.9670554,0.96139854,0.9316511,0.97567856,Unknown,6,"RS_12, RS_24, RS_32, RS_42, RS_58, RS_12_1"
ZTF18aabjfue,0.96390545,0.9695435,0.9960305,0.92369455,0.9960686,0.9941012,CataclyV*,6,"RS_12, RS_24, RS_32, RS_42, RS_58, RS_12_1"
ZTF18abxifnp,0.99427277,0.9870744,0.9994442,0.98360187,0.9986712,0.99451643,CataclyV*,6,"RS_12, RS_24, RS_32, RS_42, RS_58, RS_12_1"
ZTF18aabjida,0.99789006,0.99142283,0.9857146,0.9934564,0.97429764,0.99512523,CataclyV*,6,"RS_12, RS_24, RS_32, RS_42, RS_58, RS_12_1"
ZTF18acnnsmq,0.9169074,0.9408509,0.9941103,0.9840934,0.9634313,0.9950244,CataclyV*,6,"RS_12, RS_24, RS_32, RS_42, RS_58, RS_12_1"
ZTF18acpdnmd,0.9027648,0.93962276,0.9863724,0.9904101,0.9637676,0.94325954,Unknown,6,"RS_12, RS_24, RS_32, RS_42, RS_58, RS_12_1"
ZTF18aabfddh,0.997981,0.9944547,0.9958003,0.99746346,0.99642473,0.9945943,CataclyV*,6,"RS_12, RS_24, RS_32, RS_42, RS_58, RS_12_1"
ZTF18aabfaxr,0.97506386,0.9067494,0.9752857,0.9648886,0.9650321,0.9879176,CataclyV*,6,"RS_12, RS_24, RS_32, RS_42, RS_58, RS_12_1"
ZTF18aaaoiqg,0.9944267,0.94502115,0.9905911,0.99809724,0.9967405,0.99571663,CataclyV*,6,"RS_12, RS_24, RS_32, RS_42, RS_58, RS_12_1"
ZTF18aaaqvfx,0.9975496,0.9840042,0.998543,0.98128396,0.9492416,0.99304754,CataclyV*,6,"RS_12, RS_24, RS_32, RS_42, RS_58, RS_12_1"
ZTF18acvwayb,0.9954358,0.97367144,0.9972108,0.9848364,0.9981869,0.9954348,CataclyV*,6,"RS_12, RS_24, RS_32, RS_42, RS_58, RS_12_1"
ZTF18aaatlpr,0.96569735,0.92855,0.9824265,0.9962541,0.9945385,0.988442,CataclyV*,6,"RS_12, RS_24, RS_32, RS_42, RS_58, RS_12_1"
ZTF18acvwalp,0.99822694,0.9819224,0.9965256,0.9607986,0.9364447,0.9917482,CataclyV*,6,"RS_12, RS_24, RS_32, RS_42, RS_58, RS_12_1"
ZTF18acvqnpz,0.9949951,0.97218907,0.9927233,0.99715686,0.9923126,0.98498017,Unknown,6,"RS_12, RS_24, RS_32, RS_42, RS_58, RS_12_1"
ZTF18acuyqbr,0.9942667,0.96160805,0.9901551,0.9971969,0.99981886,0.99868053,CataclyV*,6,"RS_12, RS_24, RS_32, RS_42, RS_58, RS_12_1"
ZTF18acuxpxi,0.9991359,0.9986834,0.99855214,0.9993679,0.99914134,0.99922585,Unknown,6,"RS_12, RS_24, RS_32, RS_42, RS_58, RS_12_1"
ZTF18acuxcun,0.95887405,0.96385753,0.9778919,0.9966961,0.996128,0.97627175,Unknown,6,"RS_12, RS_24, RS_32, RS_42, RS_58, RS_12_1"
ZTF18abuncbq,0.93401456,0.95362616,0.95189184,0.9545426,0.95609576,0.99263144,Unknown,6,"RS_12, RS_24, RS_32, RS_42, RS_58, RS_12_1"
ZTF18abuxyhz,0.98434734,0.9858484,0.9202517,0.9413125,0.9938909,0.99486744,CataclyV*,6,"RS_12, RS_24, RS_32, RS_42, RS_58, RS_12_1"
ZTF18aaaxhyo,0.97916037,0.92137665,0.9816098,0.98685616,0.9896305,0.9956898,CataclyV*,6,"RS_12, RS_24, RS_32, RS_42, RS_58, RS_12_1"
ZTF18acumsif,0.96347946,0.9710911,0.98256314,0.9874719,0.9913687,0.92630696,Unknown,6,"RS_12, RS_24, RS_32, RS_42, RS_58, RS_12_1"
ZTF18acukars,0.9980312,0.9941605,0.9981608,0.99934703,0.9994698,0.999443,Unknown,6,"RS_12, RS_24, RS_32, RS_42, RS_58, RS_12_1"
ZTF18acufqmy,0.98744863,0.98372364,0.9933061,0.9908119,0.99004793,0.98146534,CataclyV*,6,"RS_12, RS_24, RS_32, RS_42, RS_58, RS_12_1"
ZTF18acuajcr,0.99511707,0.9975152,0.99830014,0.989475,0.9987112,0.9967361,CataclyV*,6,"RS_12, RS_24, RS_32, RS_42, RS_58, RS_12_1"
ZTF18actauvk,0.9820571,0.9779508,0.99547595,0.9827368,0.93276495,0.9951946,CataclyV*,6,"RS_12, RS_24, RS_32, RS_42, RS_58, RS_12_1"
ZTF18aabopru,0.98167634,0.9863349,0.92879254,0.97415984,0.99113935,0.99624085,CataclyV*,6,"RS_12, RS_24, RS_32, RS_42, RS_58, RS_12_1"
ZTF18acrvact,0.9779283,0.9840555,0.9995173,0.98475593,0.9826565,0.9953755,CataclyV*,6,"RS_12, RS_24, RS_32, RS_42, RS_58, RS_12_1"
ZTF18acqxpid,0.99392635,0.98967755,0.9394604,0.98516685,0.9986547,0.99896085,CataclyV*,6,"RS_12, RS_24, RS_32, RS_42, RS_58, RS_12_1"
ZTF18acpszwx,0.9774359,0.9901544,0.994055,0.9949071,0.9968225,0.9985875,CataclyV*,6,"RS_12, RS_24, RS_32, RS_42, RS_58, RS_12_1"
ZTF19aadunlb,0.99228317,0.94883454,0.9990299,0.94613725,0.9941339,0.994915,Unknown,6,"RS_12, RS_24, RS_32, RS_42, RS_58, RS_12_1"
ZTF19aacsgha,0.99566686,0.97567993,0.9835232,0.99459547,0.99103534,0.9982029,CataclyV*,6,"RS_12, RS_24, RS_32, RS_42, RS_58, RS_12_1"
ZTF18abpumun,0.9894679,0.93869734,0.98172814,0.9755609,0.98504204,0.99613094,CataclyV*,6,"RS_12, RS_24, RS_32, RS_42, RS_58, RS_12_1"
ZTF17aaavfwx,0.9981968,0.99701214,0.99766386,0.9828667,0.99687177,0.99893075,CataclyV*,6,"RS_12, RS_24, RS_32, RS_42, RS_58, RS_12_1"
ZTF17aaaizeq,0.9943486,0.9888974,0.9974088,0.96279734,0.98626745,0.99821717,CataclyV*,6,"RS_12, RS_24, RS_32, RS_42, RS_58, RS_12_1"
ZTF17aaaizfe,0.9968099,0.9844826,0.9851659,0.99845386,0.9956162,0.99870217,CataclyV*,6,"RS_12, RS_24, RS_32, RS_42, RS_58, RS_12_1"
ZTF21abcnrfv,0.98678267,0.98638564,0.98954517,0.92048275,0.9853158,0.983402,Unknown,6,"RS_12, RS_24, RS_32, RS_42, RS_58, RS_12_1"
ZTF17aaajhzf,0.9958674,0.9138189,0.99736065,0.9919022,0.99632686,0.9918936,CataclyV*,6,"RS_12, RS_24, RS_32, RS_42, RS_58, RS_12_1"
ZTF21aagkfcx,0.99787164,0.9657647,0.93298155,0.98828167,0.97908974,0.99094665,Unknown,6,"RS_12, RS_24, RS_32, RS_42, RS_58, RS_12_1"
ZTF21aaeztlf,0.9267623,0.95528436,0.9838203,0.9734698,0.9780727,0.9896728,CataclyV*,6,"RS_12, RS_24, RS_32, RS_42, RS_58, RS_12_1"
ZTF21aaejdkz,0.98092586,0.9066363,0.96154046,0.99416995,0.9899248,0.9873202,Unknown,6,"RS_12, RS_24, RS_32, RS_42, RS_58, RS_12_1"
ZTF20adcaqij,0.9585989,0.98585874,0.98424244,0.98612136,0.956305,0.9663694,CataclyV*,6,"RS_12, RS_24, RS_32, RS_42, RS_58, RS_12_1"
ZTF18aakbyuy,0.9976272,0.9953862,0.99578094,0.9983069,0.9996791,0.99928516,CataclyV*,6,"RS_12, RS_24, RS_32, RS_42, RS_58, RS_12_1"
ZTF17aaantxj,0.9925183,0.97950554,0.9799631,0.9895629,0.96170056,0.98399574,CataclyV*,6,"RS_12, RS_24, RS_32, RS_42, RS_58, RS_12_1"
ZTF20adbxgzv,0.9979983,0.9978382,0.99761367,0.9996668,0.9960957,0.99734455,Unknown,6,"RS_12, RS_24, RS_32, RS_42, RS_58, RS_12_1"
ZTF20acnvibe,0.95088696,0.97331333,0.9328049,0.9886996,0.9826079,0.987129,Unknown,6,"RS_12, RS_24, RS_32, RS_42, RS_58, RS_12_1"
ZTF18abccodq,0.99485284,0.9885799,0.9854295,0.98657054,0.981602,0.9732924,CataclyV*,6,"RS_12, RS_24, RS_32, RS_42, RS_58, RS_12_1"
ZTF17aaapqad,0.9895181,0.9021873,0.9964328,0.97518617,0.9626617,0.9439177,Unknown,6,"RS_12, RS_24, RS_32, RS_42, RS_58, RS_12_1"
ZTF20abbdcrp,0.99526805,0.9571277,0.9821628,0.9949787,0.99803096,0.9802209,CataclyV*,6,"RS_12, RS_24, RS_32, RS_42, RS_58, RS_12_1"
ZTF17aaarmxh,0.99602354,0.9862622,0.99853265,0.99661463,0.93311584,0.9888447,CataclyV*,6,"RS_12, RS_24, RS_32, RS_42, RS_58, RS_12_1"
ZTF17aaarnyo,0.9990121,0.9963948,0.9990926,0.9947943,0.9883664,0.9957129,CataclyV*,6,"RS_12, RS_24, RS_32, RS_42, RS_58, RS_12_1"
ZTF20aavgdop,0.99657506,0.99461585,0.99327374,0.9901329,0.9982576,0.99323845,CataclyV*,6,"RS_12, RS_24, RS_32, RS_42, RS_58, RS_12_1"
ZTF19aaerbxy,0.9068442,0.96506816,0.94745153,0.9584616,0.98672014,0.96484315,CataclyV*,6,"RS_12, RS_24, RS_32, RS_42, RS_58, RS_12_1"
ZTF18abdeyfz,0.9802643,0.91134834,0.9494788,0.9907415,0.9866955,0.99497026,CataclyV*,6,"RS_12, RS_24, RS_32, RS_42, RS_58, RS_12_1"
ZTF20aadcahx,0.98555017,0.9767263,0.9843836,0.9831593,0.9733988,0.98378974,Unknown,6,"RS_12, RS_24, RS_32, RS_42, RS_58, RS_12_1"
ZTF21abkkiam,0.9964624,0.9909366,0.99674976,0.99038637,0.9997433,0.9975539,CataclyV*,6,"RS_12, RS_24, RS_32, RS_42, RS_58, RS_12_1"
ZTF21acljmhb,0.98370486,0.91531736,0.9646971,0.9730067,0.99050295,0.99613523,Unknown,6,"RS_12, RS_24, RS_32, RS_42, RS_58, RS_12_1"
ZTF17aaaitci,0.9868989,0.9946465,0.9796292,0.9724086,0.9983223,0.98855454,CataclyV*,6,"RS_12, RS_24, RS_32, RS_42, RS_58, RS_12_1"
ZTF24abyucsd,0.99424124,0.9989537,0.9993926,0.9993481,0.99972445,0.9982844,CataclyV*,6,"RS_12, RS_24, RS_32, RS_42, RS_58, RS_12_1"
ZTF17aaabavb,0.99602354,0.9862622,0.99853265,0.99661463,0.93311584,0.9888447,CataclyV*,6,"RS_12, RS_24, RS_32, RS_42, RS_58, RS_12_1"
ZTF25abungcd,0.9990121,0.9963948,0.9990926,0.9947943,0.9883664,0.9957129,CataclyV*,6,"RS_12, RS_24, RS_32, RS_42, RS_58, RS_12_1"
ZTF25aagvjel,0.9923874,0.95423204,0.9826089,0.9976567,0.98627836,0.9966138,CataclyV*,6,"RS_12, RS_24, RS_32, RS_42, RS_58, RS_12_1"
ZTF25aaguzft,0.99533904,0.94792,0.99019545,0.9974462,0.99701464,0.9977469,CataclyV*,6,"RS_12, RS_24, RS_32, RS_42, RS_58, RS_12_1"
ZTF18aarkcxh,0.99833125,0.98910415,0.97970116,0.99239045,0.98208207,0.9954423,CataclyV*,6,"RS_12, RS_24, RS_32, RS_42, RS_58, RS_12_1"
ZTF17aaadasj,0.9981968,0.99701214,0.99766386,0.9828667,0.99687177,0.99893075,CataclyV*,6,"RS_12, RS_24, RS_32, RS_42, RS_58, RS_12_1"
ZTF17aaaehby,0.98677665,0.9513323,0.99033386,0.9928248,0.9905752,0.98521084,CataclyV*,6,"RS_12, RS_24, RS_32, RS_42, RS_58, RS_12_1"
ZTF17aaaeslm,0.99731463,0.9636612,0.99564517,0.9986008,0.99819946,0.9976452,CataclyV*,6,"RS_12, RS_24, RS_32, RS_42, RS_58, RS_12_1"
ZTF25aaapxey,0.99076885,0.9983517,0.99878675,0.9948591,0.9948679,0.9974606,CataclyV*,6,"RS_12, RS_24, RS_32, RS_42, RS_58, RS_12_1"
ZTF18aauxmsi,0.99740845,0.92630523,0.9923639,0.99023134,0.9825882,0.9758546,CataclyV*,6,"RS_12, RS_24, RS_32, RS_42, RS_58, RS_12_1"
ZTF21acovods,0.9943486,0.9888974,0.9974088,0.96279734,0.98626745,0.99821717,CataclyV*,6,"RS_12, RS_24, RS_32, RS_42, RS_58, RS_12_1"
ZTF24abvzhxj,0.9947747,0.96918297,0.9908283,0.9852824,0.9919544,0.9968748,Unknown,6,"RS_12, RS_24, RS_32, RS_42, RS_58, RS_12_1"
ZTF23abpqhpr,0.97229856,0.9652815,0.9607411,0.9644263,0.9702153,0.96908724,Unknown,6,"RS_12, RS_24, RS_32, RS_42, RS_58, RS_12_1"
ZTF17aaagywy,0.99003476,0.9920123,0.99796236,0.99227387,0.9993198,0.99831784,CataclyV*,6,"RS_12, RS_24, RS_32, RS_42, RS_58, RS_12_1"
ZTF23aamnbvb,0.9870417,0.92017573,0.976543,0.9927954,0.9603613,0.95652753,CataclyV*,6,"RS_12, RS_24, RS_32, RS_42, RS_58, RS_12_1"
ZTF18aakvbaz,0.9844333,0.91614074,0.9691101,0.9793985,0.9787853,0.9831133,Unknown,6,"RS_12, RS_24, RS_32, RS_42, RS_58, RS_12_1"
ZTF22abeouso,0.9974813,0.9225906,0.99511445,0.9696376,0.9884946,0.9761687,Unknown,6,"RS_12, RS_24, RS_32, RS_42, RS_58, RS_12_1"
ZTF22abclaoq,0.9084179,0.913483,0.9571749,0.98072594,0.9897711,0.9837077,Unknown,6,"RS_12, RS_24, RS_32, RS_42, RS_58, RS_12_1"
ZTF22aatikkr,0.9707044,0.94367754,0.9938782,0.99446374,0.99823904,0.97492117,CataclyV*,6,"RS_12, RS_24, RS_32, RS_42, RS_58, RS_12_1"
ZTF18aaylslx,0.947895,0.9616384,0.9228796,0.94537306,0.9966292,0.9792346,CataclyV*,6,"RS_12, RS_24, RS_32, RS_42, RS_58, RS_12_1"
ZTF19admczfn,0.9951391,0.99699867,0.9960663,0.98641986,0.99806005,0.9930762,CataclyV*,6,"RS_12, RS_24, RS_32, RS_42, RS_58, RS_12_1"
ZTF18aajnorp,0.9984006,0.9945281,0.98418254,0.99888927,0.9981432,0.9965532,CataclyV*,6,"RS_12, RS_24, RS_32, RS_42, RS_58, RS_12_1"
ZTF17aabskxi,0.98551095,0.9633501,0.9937057,0.9792525,0.9960789,0.9891027,CataclyV*,6,"RS_12, RS_24, RS_32, RS_42, RS_58, RS_12_1"
ZTF19aapwyle,0.9860308,0.99772185,0.9956065,0.99794596,0.998973,0.99904126,CataclyV*,6,"RS_12, RS_24, RS_32, RS_42, RS_58, RS_12_1"
ZTF19aamkwxk,0.9798892,0.96641725,0.94484717,0.9875652,0.99835736,0.9982204,CataclyV*,6,"RS_12, RS_24, RS_32, RS_42, RS_58, RS_12_1"
ZTF19aaxlgcg,0.99782276,0.9985845,0.9968972,0.96369904,0.9932126,0.99886405,CataclyV*,6,"RS_12, RS_24, RS_32, RS_42, RS_58, RS_12_1"
ZTF18abmnwmk,0.9887694,0.9651559,0.9920006,0.98438257,0.9729944,0.9910749,CataclyV*,6,"RS_12, RS_24, RS_32, RS_42, RS_58, RS_12_1"
ZTF18abpokwo,0.999418,0.9983719,0.99371654,0.99453664,0.997757,0.9994242,CataclyV*,6,"RS_12, RS_24, RS_32, RS_42, RS_58, RS_12_1"
ZTF17aabqtgr,0.99711204,0.9789297,0.97867006,0.9831698,0.9365086,0.9903054,CataclyV*,6,"RS_12, RS_24, RS_32, RS_42, RS_58, RS_12_1"
ZTF19aaqrodb,0.99334925,0.9482664,0.9710081,0.99823123,0.9939412,0.99699616,CataclyV*,6,"RS_12, RS_24, RS_32, RS_42, RS_58, RS_12_1"
ZTF19aapzxlt,0.9946457,0.9956917,0.9930514,0.97963136,0.9957486,0.9981692,CataclyV*,6,"RS_12, RS_24, RS_32, RS_42, RS_58, RS_12_1"
ZTF19aanjxoz,0.9931358,0.9938041,0.9601332,0.9749307,0.98261136,0.9862781,Unknown,6,"RS_12, RS_24, RS_32, RS_42, RS_58, RS_12_1"
ZTF19ablfrnj,0.9938811,0.96777356,0.98435956,0.99853146,0.9908937,0.9977774,Unknown,6,"RS_12, RS_24, RS_32, RS_42, RS_58, RS_12_1"
ZTF19aakuyyr,0.9923794,0.9114222,0.9960537,0.98065144,0.91138905,0.9878479,CataclyV*,6,"RS_12, RS_24, RS_32, RS_42, RS_58, RS_12_1"
ZTF17aabskxk,0.98274565,0.969688,0.99310714,0.9672015,0.99842036,0.9903308,CataclyV*,6,"RS_12, RS_24, RS_32, RS_42, RS_58, RS_12_1"
ZTF18abmouep,0.98794764,0.9437852,0.9878578,0.9966415,0.99389994,0.9930529,CataclyV*,6,"RS_12, RS_24, RS_32, RS_42, RS_58, RS_12_1"
ZTF18abpnstw,0.9409273,0.9899115,0.9670864,0.97676796,0.99864227,0.98363334,CataclyV*,6,"RS_12, RS_24, RS_32, RS_42, RS_58, RS_12_1"
ZTF19aamkgew,0.9846244,0.98085403,0.9866012,0.93976814,0.96868604,0.98088914,CataclyV*,6,"RS_12, RS_24, RS_32, RS_42, RS_58, RS_12_1"
ZTF19aamoiiz,0.9846244,0.98085403,0.9866012,0.93976814,0.96868604,0.98088914,CataclyV*,6,"RS_12, RS_24, RS_32, RS_42, RS_58, RS_12_1"
ZTF17aabtlxj,0.9675225,0.96463656,0.9254908,0.964054,0.997825,0.99565756,CataclyV*,6,"RS_12, RS_24, RS_32, RS_42, RS_58, RS_12_1"
ZTF17aabuvjk,0.99400455,0.9364383,0.9933356,0.9884957,0.9889481,0.99664485,Unknown,6,"RS_12, RS_24, RS_32, RS_42, RS_58, RS_12_1"
ZTF18abmjvgf,0.99835664,0.99068135,0.9941247,0.9954743,0.9984301,0.9973979,CataclyV*,6,"RS_12, RS_24, RS_32, RS_42, RS_58, RS_12_1"
ZTF19aboqsrp,0.9894679,0.93869734,0.98172814,0.9755609,0.98504204,0.99613094,CataclyV*,6,"RS_12, RS_24, RS_32, RS_42, RS_58, RS_12_1"
ZTF19acecitx,0.9847209,0.9560479,0.9839855,0.97780997,0.99513113,0.97559845,CataclyV*,6,"RS_12, RS_24, RS_32, RS_42, RS_58, RS_12_1"
ZTF19aaeroeh,0.99129725,0.95937806,0.98607814,0.96589714,0.9896808,0.99410015,CataclyV*,6,"RS_12, RS_24, RS_32, RS_42, RS_58, RS_12_1"
ZTF19aaeskex,0.9951391,0.99699867,0.9960663,0.98641986,0.99806005,0.9930762,CataclyV*,6,"RS_12, RS_24, RS_32, RS_42, RS_58, RS_12_1"
ZTF19acvekcm,0.974838,0.9466617,0.952302,0.9450287,0.9611649,0.9860735,Unknown,6,"RS_12, RS_24, RS_32, RS_42, RS_58, RS_12_1"
ZTF19acucdzz,0.9902919,0.98175186,0.9841876,0.9634566,0.9867176,0.9855481,Unknown,6,"RS_12, RS_24, RS_32, RS_42, RS_58, RS_12_1"
ZTF17aabwnkw,0.94559824,0.99321824,0.9986588,0.94988775,0.97531545,0.97693354,CataclyV*,6,"RS_12, RS_24, RS_32, RS_42, RS_58, RS_12_1"
ZTF18abpopnp,0.98755044,0.9730517,0.91765374,0.9099355,0.9886253,0.98176825,Unknown,6,"RS_12, RS_24, RS_32, RS_42, RS_58, RS_12_1"
ZTF19aafmmeb,0.9934994,0.95647717,0.9527638,0.99500185,0.975042,0.9889803,Unknown,6,"RS_12, RS_24, RS_32, RS_42, RS_58, RS_12_1"
ZTF19acdtios,0.96733016,0.9231619,0.9728295,0.96643126,0.9691609,0.95303637,Unknown,6,"RS_12, RS_24, RS_32, RS_42, RS_58, RS_12_1"
ZTF17aabwdlv,0.93974864,0.9486805,0.94887227,0.93467706,0.99442965,0.99127483,CataclyV*,6,"RS_12, RS_24, RS_32, RS_42, RS_58, RS_12_1"
ZTF18abfzjgt,0.9930006,0.99219984,0.9977192,0.9544464,0.99196965,0.9877978,CataclyV*,6,"RS_12, RS_24, RS_32, RS_42, RS_58, RS_12_1"
ZTF19aagmvuk,0.9889985,0.9058348,0.96231216,0.9974968,0.99227613,0.99569356,CataclyV*,6,"RS_12, RS_24, RS_32, RS_42, RS_58, RS_12_1"
ZTF18abnzljg,0.97602284,0.99656576,0.9982418,0.9954203,0.99961746,0.9907465,CataclyV*,6,"RS_12, RS_24, RS_32, RS_42, RS_58, RS_12_1"
ZTF18aavvpmj,0.9429775,0.9627805,,0.9550269,0.9721086,0.9576594,CataclyV*,5,"RS_12, RS_24, RS_42, RS_58, RS_12_1"
ZTF18abspogs,0.9570882,0.9637234,0.98973805,,0.98082227,0.992295,CataclyV*,5,"RS_12, RS_24, RS_32, RS_58, RS_12_1"
ZTF18abzyqas,0.972525,0.9288168,,0.9756174,0.92126703,0.9032742,CataclyV*,5,"RS_12, RS_24, RS_42, RS_58, RS_12_1"
ZTF18abrcwrj,0.99433845,,0.9358744,0.9632918,0.9069444,0.9552316,CataclyV*,5,"RS_12, RS_32, RS_42, RS_58, RS_12_1"
ZTF18aaroihf,0.9176198,0.92748237,0.906755,,0.9905104,0.94603586,CataclyV*,5,"RS_12, RS_24, RS_32, RS_58, RS_12_1"
ZTF18aborxlf,0.9694873,0.95965946,0.92963696,0.90713567,,0.9937856,CataclyV*,5,"RS_12, RS_24, RS_32, RS_42, RS_12_1"
ZTF18aawvzcg,0.9372734,,0.9745093,0.93700916,0.9873518,0.97984934,CataclyV*,5,"RS_12, RS_32, RS_42, RS_58, RS_12_1"
ZTF18aaqphee,0.9849354,,0.9646421,0.93320024,0.9903964,0.97793704,CataclyV*,5,"RS_12, RS_32, RS_42, RS_58, RS_12_1"
ZTF18abuescl,0.98433775,,0.9584361,0.9871725,0.9744322,0.93467677,CataclyV*,5,"RS_12, RS_32, RS_42, RS_58, RS_12_1"
ZTF18aaylsmo,0.99387676,,0.91914964,0.9860341,0.99964166,0.99325186,CataclyV*,5,"RS_12, RS_32, RS_42, RS_58, RS_12_1"
ZTF18abcllsj,0.9377756,0.9206832,0.9076094,0.9082714,,0.9525542,CataclyV*,5,"RS_12, RS_24, RS_32, RS_42, RS_12_1"
ZTF18abeedom,0.9931317,0.96011275,,0.9555319,0.9568998,0.9939422,Unknown,5,"RS_12, RS_24, RS_42, RS_58, RS_12_1"
ZTF18abecnog,,0.90756524,0.98514104,0.9510733,0.9244432,0.95652276,,5,"RS_24, RS_32, RS_42, RS_58, RS_12_1"
ZTF18abucxou,,0.9812929,0.97594154,0.9920948,0.9995597,0.99232614,,5,"RS_24, RS_32, RS_42, RS_58, RS_12_1"
ZTF18abtxxag,0.972525,0.9288168,,0.9756174,0.92126703,0.9032742,CataclyV*,5,"RS_12, RS_24, RS_42, RS_58, RS_12_1"
ZTF18abcpols,0.9941527,,0.9706881,0.99388015,0.99922943,0.99709165,CataclyV*,5,"RS_12, RS_32, RS_42, RS_58, RS_12_1"
ZTF18abujcwj,0.97317016,,0.981173,0.99849534,0.9857428,0.9860815,CataclyV*,5,"RS_12, RS_32, RS_42, RS_58, RS_12_1"
ZTF18abtpidg,0.9989722,0.98350656,0.97719634,0.9887394,,0.99046093,CataclyV*,5,"RS_12, RS_24, RS_32, RS_42, RS_12_1"
ZTF18abumdjn,0.90667176,,0.94669986,0.93397784,0.94513094,0.9743148,CataclyV*,5,"RS_12, RS_32, RS_42, RS_58, RS_12_1"
ZTF18abginqw,0.9308943,0.9517806,0.9645769,,0.98741865,0.95987725,CataclyV*,5,"RS_12, RS_24, RS_32, RS_58, RS_12_1"
ZTF18abajsuz,0.9671574,0.9910783,0.98420435,0.9788527,,0.9555184,CataclyV*,5,"RS_12, RS_24, RS_32, RS_42, RS_12_1"
ZTF18ablqdta,0.97877276,0.928859,0.9703462,,0.9763724,0.98804015,CataclyV*,5,"RS_12, RS_24, RS_32, RS_58, RS_12_1"
ZTF18ablsygi,0.9048865,,0.9979802,0.99082303,0.9997477,0.9676078,CataclyV*,5,"RS_12, RS_32, RS_42, RS_58, RS_12_1"
ZTF18abtjrhr,0.9848075,0.98866946,0.98470587,,0.9800923,0.99333704,CataclyV*,5,"RS_12, RS_24, RS_32, RS_58, RS_12_1"
ZTF18abbvroe,0.9580452,,0.9517354,0.96617156,0.9907781,0.99335104,CataclyV*,5,"RS_12, RS_32, RS_42, RS_58, RS_12_1"
ZTF18abvfyyr,,0.91061676,0.9956247,0.94262475,0.99518615,0.9886452,,5,"RS_24, RS_32, RS_42, RS_58, RS_12_1"
ZTF18abeepcd,0.9883957,0.9433814,0.9420144,0.95914465,,0.99189305,Unknown,5,"RS_12, RS_24, RS_32, RS_42, RS_12_1"
ZTF18abncxka,0.95679104,0.91788393,0.93933445,,0.99750996,0.99618787,CataclyV*,5,"RS_12, RS_24, RS_32, RS_58, RS_12_1"
ZTF18abvmlol,0.9500331,0.9750215,0.9328272,,0.9521984,0.9608691,CataclyV*,5,"RS_12, RS_24, RS_32, RS_58, RS_12_1"
ZTF18abxznky,0.98770034,0.97242,0.9417769,,0.94602865,0.97984916,CataclyV*,5,"RS_12, RS_24, RS_32, RS_58, RS_12_1"
ZTF18adkmwel,0.9941527,,0.9706881,0.99388015,0.99922943,0.99709165,CataclyV*,5,"RS_12, RS_32, RS_42, RS_58, RS_12_1"
ZTF18acakuxo,0.96789426,0.9363504,0.96544117,,0.9110839,0.96405655,CataclyV*,5,"RS_12, RS_24, RS_32, RS_58, RS_12_1"
ZTF20aanpusd,0.970525,0.9070795,0.94128865,,0.98626584,0.9760391,CataclyV*,5,"RS_12, RS_24, RS_32, RS_58, RS_12_1"
ZTF19aamkclz,0.9867371,0.9752201,0.9968592,0.952182,,0.98630154,CataclyV*,5,"RS_12, RS_24, RS_32, RS_42, RS_12_1"
ZTF19aamoeji,0.9867371,0.9752201,0.9968592,0.952182,,0.98630154,CataclyV*,5,"RS_12, RS_24, RS_32, RS_42, RS_12_1"
ZTF19aamucga,0.99756503,0.9590855,0.97586924,0.94617844,0.9847963,,Unknown,5,"RS_12, RS_24, RS_32, RS_42, RS_58"
ZTF19aaneijh,0.9816466,0.9797269,,0.99053735,0.9309219,0.97429377,Unknown,5,"RS_12, RS_24, RS_42, RS_58, RS_12_1"
ZTF19aauynbg,0.9489719,0.9168867,0.9736215,,0.97570133,0.979293,CataclyV*,5,"RS_12, RS_24, RS_32, RS_58, RS_12_1"
ZTF19aaysjcu,0.9086322,,0.9709048,0.9367986,0.98485905,0.9763208,CataclyV*,5,"RS_12, RS_32, RS_42, RS_58, RS_12_1"
ZTF19abannla,0.9543313,,0.9514351,0.9823068,0.9789667,0.9558214,Unknown,5,"RS_12, RS_32, RS_42, RS_58, RS_12_1"
ZTF19abupfxq,0.9901245,0.90989816,0.9798625,0.9737684,,0.96649605,CataclyV*,5,"RS_12, RS_24, RS_32, RS_42, RS_12_1"
ZTF19acbopbm,0.9877822,,0.9864868,0.9646622,0.9901524,0.9968443,CataclyV*,5,"RS_12, RS_32, RS_42, RS_58, RS_12_1"
ZTF19acbvhfu,,0.92491865,0.9745745,0.98798984,0.99543697,0.93117964,,5,"RS_24, RS_32, RS_42, RS_58, RS_12_1"
ZTF19adgjekg,0.923168,,0.9823819,0.90741587,0.9938909,0.92281884,CataclyV*,5,"RS_12, RS_32, RS_42, RS_58, RS_12_1"
ZTF19adgjzde,0.9733074,0.9819672,,0.91960585,0.95038676,0.96754843,CataclyV*,5,"RS_12, RS_24, RS_42, RS_58, RS_12_1"
ZTF19adhsqoa,0.9908345,0.96477205,0.98997504,0.98718166,,0.9555022,Unknown,5,"RS_12, RS_24, RS_32, RS_42, RS_12_1"
ZTF20aaklbiy,0.9832907,,0.97537315,0.98072386,0.99702245,0.9979948,CataclyV*,5,"RS_12, RS_32, RS_42, RS_58, RS_12_1"
ZTF20aaoncsx,0.9277657,,0.96158785,0.927077,0.9585414,0.9806184,Unknown,5,"RS_12, RS_32, RS_42, RS_58, RS_12_1"
ZTF19aailvcw,0.923168,,0.9823819,0.90741587,0.9938909,0.92281884,CataclyV*,5,"RS_12, RS_32, RS_42, RS_58, RS_12_1"
ZTF20aazpfdg,0.99318814,,0.96974385,0.9822227,0.97485536,0.98944366,Unknown,5,"RS_12, RS_32, RS_42, RS_58, RS_12_1"
ZTF20achuhyl,0.9809092,0.9064861,0.9379429,,0.9807209,0.9644662,Unknown,5,"RS_12, RS_24, RS_32, RS_58, RS_12_1"
ZTF20adbzubx,0.988741,,0.91549945,0.99018353,0.9386739,0.98096895,Unknown,5,"RS_12, RS_32, RS_42, RS_58, RS_12_1"
ZTF21abihefw,0.978914,,0.99619883,0.91207534,0.9983297,0.91103745,Unknown,5,"RS_12, RS_32, RS_42, RS_58, RS_12_1"
ZTF22aagnmun,0.98900956,,0.9752865,0.9674777,0.9775914,0.9797346,Unknown,5,"RS_12, RS_32, RS_42, RS_58, RS_12_1"
ZTF22aaodplj,0.99253654,,0.96305025,0.968364,0.975261,0.90299815,Unknown,5,"RS_12, RS_32, RS_42, RS_58, RS_12_1"
ZTF22aasbzqj,0.9786205,,0.928795,0.9859388,0.99535865,0.90298736,Unknown,5,"RS_12, RS_32, RS_42, RS_58, RS_12_1"
ZTF22abinukn,0.9861078,,0.9426715,0.98121464,0.99080604,0.9180017,Unknown,5,"RS_12, RS_32, RS_42, RS_58, RS_12_1"
ZTF23aaifxto,0.9449721,0.95751697,,0.98322463,0.99042153,0.9928262,Unknown,5,"RS_12, RS_24, RS_42, RS_58, RS_12_1"
ZTF24abbtdws,0.9808415,,0.958361,0.98310167,0.985783,0.99098164,CataclyV*,5,"RS_12, RS_32, RS_42, RS_58, RS_12_1"
ZTF24abxhwsr,,0.95954686,0.9946405,0.96325374,0.99085546,0.98924303,,5,"RS_24, RS_32, RS_42, RS_58, RS_12_1"
ZTF25aabykmd,,0.90143627,0.90641755,0.93727505,0.9725974,0.90243965,,5,"RS_24, RS_32, RS_42, RS_58, RS_12_1"
ZTF25aagjobe,0.97352165,,0.94828385,0.9772693,0.9893056,0.99135923,Unknown,5,"RS_12, RS_32, RS_42, RS_58, RS_12_1"
ZTF26aaaelef,0.99238753,,0.98216206,0.9312944,0.9393226,0.9720151,CataclyV*,5,"RS_12, RS_32, RS_42, RS_58, RS_12_1"
ZTF19aaljlvm,0.91746056,0.97056556,0.9740974,0.9666732,,0.90923053,Unknown,5,"RS_12, RS_24, RS_32, RS_42, RS_12_1"
ZTF19aahscyl,0.9776162,,0.9011931,0.9758758,0.96253973,0.91267115,CataclyV*,5,"RS_12, RS_32, RS_42, RS_58, RS_12_1"
ZTF18acamuht,0.9697944,,0.9322025,0.9463407,0.938773,0.9744824,CataclyV*,5,"RS_12, RS_32, RS_42, RS_58, RS_12_1"
ZTF18adambly,0.9564847,0.95195633,0.99036574,,0.99385923,0.9190051,Unknown,5,"RS_12, RS_24, RS_32, RS_58, RS_12_1"
ZTF18acayemj,0.97063947,0.9298691,,0.90486354,0.97161365,0.96210223,CataclyV*,5,"RS_12, RS_24, RS_42, RS_58, RS_12_1"
ZTF18accluii,0.964602,,0.9969074,0.97328705,0.99700624,0.97234046,CataclyV*,5,"RS_12, RS_32, RS_42, RS_58, RS_12_1"
ZTF18aceaftn,0.96446157,,0.9627212,0.98084885,0.95988417,0.9918349,CataclyV*,5,"RS_12, RS_32, RS_42, RS_58, RS_12_1"
ZTF18acnavqf,0.9925653,,0.9910796,0.9746646,0.9887994,0.9939202,CataclyV*,5,"RS_12, RS_32, RS_42, RS_58, RS_12_1"
ZTF18acponib,0.97863835,0.90740734,0.98147064,,0.9477502,0.9957948,CataclyV*,5,"RS_12, RS_24, RS_32, RS_58, RS_12_1"
ZTF18acsosfz,0.9468132,0.9886956,0.9574864,,0.93028986,0.9066918,CataclyV*,5,"RS_12, RS_24, RS_32, RS_58, RS_12_1"
ZTF18acuegxd,0.9742045,0.932467,0.95330715,0.94754636,,0.9841353,CataclyV*,5,"RS_12, RS_24, RS_32, RS_42, RS_12_1"
ZTF18acurptp,0.90627056,,0.98166794,0.9806656,0.9037664,0.94880134,CataclyV*,5,"RS_12, RS_32, RS_42, RS_58, RS_12_1"
ZTF18acusatr,0.9436306,,0.9103674,0.90482223,0.9647182,0.90551436,CataclyV*,5,"RS_12, RS_32, RS_42, RS_58, RS_12_1"
ZTF18acvweuk,0.9344342,,0.9768588,0.933997,0.97456235,0.9928029,CataclyV*,5,"RS_12, RS_32, RS_42, RS_58, RS_12_1"
ZTF18acvwgep,0.95034,0.927957,,0.9111077,0.9785696,0.9907742,CataclyV*,5,"RS_12, RS_24, RS_42, RS_58, RS_12_1"
ZTF18acwfxej,0.96705383,,0.97807133,0.9106418,0.97161984,0.98912394,CataclyV*,5,"RS_12, RS_32, RS_42, RS_58, RS_12_1"
ZTF18acwwkwu,0.9960472,0.9780431,0.9601121,0.99321693,,0.9871027,Unknown,5,"RS_12, RS_24, RS_32, RS_42, RS_12_1"
ZTF18aczddtb,0.99735665,0.9963971,0.9979315,0.9951627,,0.9973302,CataclyV*,5,"RS_12, RS_24, RS_32, RS_42, RS_12_1"
ZTF18adbafck,0.9772907,0.9369748,0.9750289,0.98048294,,0.984767,CataclyV*,5,"RS_12, RS_24, RS_32, RS_42, RS_12_1"
ZTF19aaeqsrf,0.9925653,,0.9910796,0.9746646,0.9887994,0.9939202,CataclyV*,5,"RS_12, RS_32, RS_42, RS_58, RS_12_1"
ZTF18adcbmje,0.9822136,,0.9314765,0.9676563,0.98459446,0.9819666,CataclyV*,5,"RS_12, RS_32, RS_42, RS_58, RS_12_1"
ZTF18adfbgai,0.99135953,,0.9547416,0.99228853,0.95586586,0.9851339,Unknown,5,"RS_12, RS_32, RS_42, RS_58, RS_12_1"
ZTF18adjvoek,0.9429775,0.9627805,,0.9550269,0.9721086,0.9576594,CataclyV*,5,"RS_12, RS_24, RS_42, RS_58, RS_12_1"
ZTF18aaludbw,0.97414094,0.90100694,0.9651361,,0.9858577,0.9783548,CataclyV*,5,"RS_12, RS_24, RS_32, RS_58, RS_12_1"
ZTF18adlmpkc,0.99244577,,0.9413802,0.988289,0.987407,0.97322357,CataclyV*,5,"RS_12, RS_32, RS_42, RS_58, RS_12_1"
ZTF18admvlto,0.96997595,,0.9449725,0.95342535,0.99772006,0.9957961,CataclyV*,5,"RS_12, RS_32, RS_42, RS_58, RS_12_1"
ZTF18adnhbef,0.9861931,0.95352155,0.95173734,0.93844116,,0.95582336,CataclyV*,5,"RS_12, RS_24, RS_32, RS_42, RS_12_1"
ZTF18adqqrsm,0.94204515,,0.9733338,0.9268098,0.9820456,0.9464613,CataclyV*,5,"RS_12, RS_32, RS_42, RS_58, RS_12_1"
ZTF19aaahqmv,0.99112576,,0.9953224,0.99077773,0.998285,0.9976332,CataclyV*,5,"RS_12, RS_32, RS_42, RS_58, RS_12_1"
ZTF19aaaoiql,0.99169207,0.9872454,0.9925922,0.993117,0.9987923,,CataclyV*,5,"RS_12, RS_24, RS_32, RS_42, RS_58"
ZTF19aaapgpe,0.979153,0.95890033,0.9927367,,0.9981652,0.9950694,CataclyV*,5,"RS_12, RS_24, RS_32, RS_58, RS_12_1"
ZTF19aaappih,0.9500884,0.9671572,0.94214,0.912725,,0.9730963,CataclyV*,5,"RS_12, RS_24, RS_32, RS_42, RS_12_1"
ZTF19aabgfjp,0.9849423,,0.9821463,0.96565217,0.9936888,0.98686266,CataclyV*,5,"RS_12, RS_32, RS_42, RS_58, RS_12_1"
ZTF19aacqebr,0.94218725,0.9862446,,0.9040711,0.9866149,0.95242155,Unknown,5,"RS_12, RS_24, RS_42, RS_58, RS_12_1"
ZTF18aalurkz,0.9869779,,0.96434647,0.982358,0.924054,0.9740984,CataclyV*,5,"RS_12, RS_32, RS_42, RS_58, RS_12_1"
ZTF26aaajqnu,0.993379,0.99265784,0.9947732,,0.9769776,0.998998,CataclyV*,5,"RS_12, RS_24, RS_32, RS_58, RS_12_1"
ZTF17aabcvez,0.99671626,0.98769706,,0.9579039,0.99145776,0.99473673,CataclyV*,5,"RS_12, RS_24, RS_42, RS_58, RS_12_1"
ZTF17aacdeds,,0.97204596,0.98436534,0.9923584,0.9945962,0.9919797,,5,"RS_24, RS_32, RS_42, RS_58, RS_12_1"
ZTF17aaaiwfl,0.9900349,,0.9685125,0.9896303,0.9855237,0.9958269,CataclyV*,5,"RS_12, RS_32, RS_42, RS_58, RS_12_1"
ZTF17aabyrpg,0.920355,0.9922355,0.9309565,,0.97581,0.9660442,CataclyV*,5,"RS_12, RS_24, RS_32, RS_58, RS_12_1"
ZTF18aabfadv,0.98493594,,0.9699017,0.95141685,0.9836559,0.9819257,CataclyV*,5,"RS_12, RS_32, RS_42, RS_58, RS_12_1"
ZTF18aaawnsj,0.99579465,0.9772321,,0.9971877,0.99338186,0.9976534,CataclyV*,5,"RS_12, RS_24, RS_42, RS_58, RS_12_1"
ZTF17aacrftb,0.979658,,0.93564904,0.9875731,0.90079904,0.96886843,CataclyV*,5,"RS_12, RS_32, RS_42, RS_58, RS_12_1"
ZTF17aaafglk,,0.91162074,0.98173976,0.9649627,0.9748839,0.9949922,,5,"RS_24, RS_32, RS_42, RS_58, RS_12_1"
ZTF17aaagccm,0.962464,0.98367023,0.9745079,,0.95519406,0.99037397,CataclyV*,5,"RS_12, RS_24, RS_32, RS_58, RS_12_1"
ZTF17aaawcro,0.9052324,,0.9662487,0.9558814,0.99825305,0.9714472,CataclyV*,5,"RS_12, RS_32, RS_42, RS_58, RS_12_1"
ZTF17aacmfpm,0.9523278,0.9289332,0.9901883,,0.98743165,0.991537,CataclyV*,5,"RS_12, RS_24, RS_32, RS_58, RS_12_1"
ZTF17aabtdus,0.9944435,,0.9950401,0.9763238,0.98063284,0.9669447,CataclyV*,5,"RS_12, RS_32, RS_42, RS_58, RS_12_1"
ZTF17aaajcdl,,0.9862903,0.97580564,0.9839028,0.9939526,0.99603504,,5,"RS_24, RS_32, RS_42, RS_58, RS_12_1"
ZTF17aabxhpg,0.99238753,,0.98216206,0.9312944,0.9393226,0.9720151,CataclyV*,5,"RS_12, RS_32, RS_42, RS_58, RS_12_1"
ZTF17aabrzzd,0.9798028,0.97722274,0.9832497,,0.94424987,0.9764698,CataclyV*,5,"RS_12, RS_24, RS_32, RS_58, RS_12_1"
ZTF18aaglptg,,0.9793727,0.9978728,0.90787804,0.999302,0.9895062,,5,"RS_24, RS_32, RS_42, RS_58, RS_12_1"
ZTF18aadfuxg,0.98507845,,0.99832016,0.98178905,0.999276,0.9574726,CataclyV*,5,"RS_12, RS_32, RS_42, RS_58, RS_12_1"
ZTF17aabszcj,0.9885747,,0.9726284,0.9789378,0.9961617,0.99548954,Unknown,5,"RS_12, RS_32, RS_42, RS_58, RS_12_1"
ZTF18aabfoia,0.9756386,0.9609808,0.9625116,0.94569105,,0.95684755,CataclyV*,5,"RS_12, RS_24, RS_32, RS_42, RS_12_1"
ZTF18aaeuivv,0.96782255,,0.9879601,0.94441146,0.99436694,0.9726375,CataclyV*,5,"RS_12, RS_32, RS_42, RS_58, RS_12_1"
ZTF17aacgpcx,,0.97204596,0.98436534,0.9923584,0.9945962,0.9919797,,5,"RS_24, RS_32, RS_42, RS_58, RS_12_1"
ZTF18aabfvtl,0.9912191,0.9234995,,0.9982033,0.99544805,0.99457294,CataclyV*,5,"RS_12, RS_24, RS_42, RS_58, RS_12_1"
ZTF17aaajocf,0.9834768,0.98429525,0.99906284,0.93502027,,0.9720899,CataclyV*,5,"RS_12, RS_24, RS_32, RS_42, RS_12_1"
ZTF18aaacfor,0.9979079,0.9828918,0.9938969,0.9014628,,0.9896473,CataclyV*,5,"RS_12, RS_24, RS_32, RS_42, RS_12_1"
ZTF18aabpwzq,,0.9947115,0.9419102,0.9679318,0.9944078,0.99142635,,5,"RS_24, RS_32, RS_42, RS_58, RS_12_1"
ZTF17aaajmwn,0.9942227,,0.9000933,0.96395355,0.9464593,0.9583489,CataclyV*,5,"RS_12, RS_32, RS_42, RS_58, RS_12_1"
ZTF17aabhebx,,0.9309059,0.9942631,0.9892818,0.9902464,0.9910547,,5,"RS_24, RS_32, RS_42, RS_58, RS_12_1"
ZTF18aabeyfi,0.9628724,,0.9406648,0.9361336,0.99882334,0.9917406,CataclyV*,5,"RS_12, RS_32, RS_42, RS_58, RS_12_1"
ZTF18aahbzdk,0.9840852,,0.99637777,0.99435437,0.9996828,0.98017955,CataclyV*,5,"RS_12, RS_32, RS_42, RS_58, RS_12_1"
ZTF18aalldmu,0.97251916,,0.9742768,0.99187416,0.99720263,0.99591905,CataclyV*,5,"RS_12, RS_32, RS_42, RS_58, RS_12_1"
ZTF17aabdpti,,0.9597789,0.97346085,0.9724655,0.9298011,0.99296254,,5,"RS_24, RS_32, RS_42, RS_58, RS_12_1"
ZTF17aaajfhh,0.979552,,0.9975314,0.9859244,0.9990176,0.98071927,CataclyV*,5,"RS_12, RS_32, RS_42, RS_58, RS_12_1"
ZTF18aabpoqs,,0.9077184,0.97681457,0.98827666,0.99602985,0.98976,,5,"RS_24, RS_32, RS_42, RS_58, RS_12_1"
ZTF17aabxrbe,,0.9912102,0.99675316,0.9968119,0.999527,0.9977617,,5,"RS_24, RS_32, RS_42, RS_58, RS_12_1"
ZTF17aadhktq,0.9674422,0.975571,0.9901328,0.9752584,0.98725045,,CataclyV*,5,"RS_12, RS_24, RS_32, RS_42, RS_58"
ZTF18aabjfsq,,0.9041046,0.9528142,0.9944659,0.98395616,0.977382,,5,"RS_24, RS_32, RS_42, RS_58, RS_12_1"
ZTF18aabfhnk,0.9209797,,,0.9559126,0.9694756,0.95284617,CataclyV*,4,"RS_12, RS_42, RS_58, RS_12_1"
ZTF18aahpbwz,,,0.9937674,0.95774776,0.9968304,0.98413473,,4,"RS_32, RS_42, RS_58, RS_12_1"
ZTF18acrwtsm,0.98919606,,0.9807453,,0.98991245,0.987882,CataclyV*,4,"RS_12, RS_32, RS_58, RS_12_1"
ZTF18acnnqbn,,,0.99427974,0.9637139,0.999022,0.9681648,,4,"RS_32, RS_42, RS_58, RS_12_1"
ZTF18adivvjf,,,0.92639613,0.9708618,0.9014152,0.94766015,,4,"RS_32, RS_42, RS_58, RS_12_1"
ZTF18acrygqz,0.9181194,,,0.9760667,0.9463998,0.9465079,CataclyV*,4,"RS_12, RS_42, RS_58, RS_12_1"
ZTF19aaeshrz,,0.931616,0.92723745,0.9925296,0.9889452,,,4,"RS_24, RS_32, RS_42, RS_58"
ZTF18adjevfj,0.93032277,0.9239632,0.94876844,,0.96589303,,Unknown,4,"RS_12, RS_24, RS_32, RS_58"
ZTF18aagsgkv,,0.9539931,0.9370143,,0.98257,0.9805424,,4,"RS_24, RS_32, RS_58, RS_12_1"
ZTF20acilkrb,0.965461,0.9136242,,,0.9940432,0.9836512,CataclyV*,4,"RS_12, RS_24, RS_58, RS_12_1"
ZTF17aaapome,0.9666536,0.9895461,,,0.98887724,0.97638047,CataclyV*,4,"RS_12, RS_24, RS_58, RS_12_1"
ZTF18acppfsr,0.9947237,,0.97373104,,0.9841554,0.98830044,CataclyV*,4,"RS_12, RS_32, RS_58, RS_12_1"
ZTF17aaahrrt,0.9907669,,,0.9151525,0.9402134,0.9276912,CataclyV*,4,"RS_12, RS_42, RS_58, RS_12_1"
ZTF18acrvbvi,0.9504839,,0.98112535,,0.9797147,0.95799834,CataclyV*,4,"RS_12, RS_32, RS_58, RS_12_1"
ZTF18adjodwh,0.98568195,,,0.98585343,0.9961888,0.98901075,CataclyV*,4,"RS_12, RS_42, RS_58, RS_12_1"
ZTF18acruysu,0.97868997,0.9622208,0.9704462,,,0.9565224,CataclyV*,4,"RS_12, RS_24, RS_32, RS_12_1"
ZTF18aabezwv,0.98020536,,0.95699614,,0.9871727,0.97705257,CataclyV*,4,"RS_12, RS_32, RS_58, RS_12_1"
ZTF18aboacjl,,0.9310953,0.94273204,,0.97943753,0.9745375,,4,"RS_24, RS_32, RS_58, RS_12_1"
ZTF22absafly,0.9964707,,0.9935714,0.944692,,0.9121909,Unknown,4,"RS_12, RS_32, RS_42, RS_12_1"
ZTF18abrfttz,,0.91553164,0.9908285,,0.988226,0.9476659,,4,"RS_24, RS_32, RS_58, RS_12_1"
ZTF18abnzlcm,,0.9203614,0.9233311,,0.9692273,0.93749535,,4,"RS_24, RS_32, RS_58, RS_12_1"
ZTF18acrudno,,,0.90934396,0.9555527,0.99916255,0.96795046,,4,"RS_32, RS_42, RS_58, RS_12_1"
ZTF18acruloc,0.9952697,,0.92821044,0.91793853,,0.945522,Unknown,4,"RS_12, RS_32, RS_42, RS_12_1"
ZTF18acrkdsi,0.9871019,,0.95224357,,0.998749,0.9969229,CataclyV*,4,"RS_12, RS_32, RS_58, RS_12_1"
ZTF18achnnpz,0.96854794,,0.97265786,0.9366686,,0.9319117,CataclyV*,4,"RS_12, RS_32, RS_42, RS_12_1"
ZTF19aacitsy,,0.9767333,0.9716391,0.9392416,0.9576931,,,4,"RS_24, RS_32, RS_42, RS_58"
ZTF18abvdydv,,0.95956254,0.9585653,,0.9971252,0.9977324,,4,"RS_24, RS_32, RS_58, RS_12_1"
ZTF17aadihfl,0.994356,,0.9828235,0.98483676,0.9881693,,CataclyV*,4,"RS_12, RS_32, RS_42, RS_58"
ZTF17aaajtfx,0.9978058,0.96720046,0.9657727,,,0.9895559,CataclyV*,4,"RS_12, RS_24, RS_32, RS_12_1"
ZTF18aabipud,0.96616894,0.9524311,,0.9555872,,0.98270214,CataclyV*,4,"RS_12, RS_24, RS_42, RS_12_1"
ZTF21aaedyks,0.93807447,,,0.906025,0.9269229,0.9628184,Unknown,4,"RS_12, RS_42, RS_58, RS_12_1"
ZTF18abumrmx,0.95645535,,0.9540123,,0.9985154,0.99555224,CataclyV*,4,"RS_12, RS_32, RS_58, RS_12_1"
ZTF18aabpugb,0.9232891,,0.9045119,,0.9968041,0.99373734,CataclyV*,4,"RS_12, RS_32, RS_58, RS_12_1"
ZTF18aabitjt,0.9697546,,0.9593906,,0.9769487,0.9601695,CataclyV*,4,"RS_12, RS_32, RS_58, RS_12_1"
ZTF18adnxoty,0.97868484,,,0.92835045,0.9765204,0.9918915,CataclyV*,4,"RS_12, RS_42, RS_58, RS_12_1"
ZTF19aaciqvu,0.90880674,0.9585288,0.9029119,0.9488465,,,CataclyV*,4,"RS_12, RS_24, RS_32, RS_42"
ZTF18abvllnd,0.9556366,,0.94793373,,0.96810526,0.9833613,CataclyV*,4,"RS_12, RS_32, RS_58, RS_12_1"
ZTF18abwbjjy,0.9584922,0.9733374,0.98901165,,,0.9829148,CataclyV*,4,"RS_12, RS_24, RS_32, RS_12_1"
ZTF18acaktuk,,,0.9495301,0.96960515,0.96967363,0.9688712,,4,"RS_32, RS_42, RS_58, RS_12_1"
ZTF18aabjjas,0.97796965,0.9439675,,,0.982477,0.98730487,CataclyV*,4,"RS_12, RS_24, RS_58, RS_12_1"
ZTF18admrbvk,,0.9310953,0.94273204,,0.97943753,0.9745375,,4,"RS_24, RS_32, RS_58, RS_12_1"
ZTF18abyooxl,0.97868484,,,0.92835045,0.9765204,0.9918915,CataclyV*,4,"RS_12, RS_42, RS_58, RS_12_1"
ZTF21aaqetxp,,,0.9145179,0.94692695,0.969106,0.9404542,,4,"RS_32, RS_42, RS_58, RS_12_1"
ZTF18aabuaxp,0.977961,,0.9003934,0.90466946,,0.9469605,CataclyV*,4,"RS_12, RS_32, RS_42, RS_12_1"
ZTF21abvawqk,,,0.9775034,0.93677884,0.9457284,0.90982884,,4,"RS_32, RS_42, RS_58, RS_12_1"
ZTF18aabhpad,0.9856383,0.97171164,,,0.9050134,0.977279,CataclyV*,4,"RS_12, RS_24, RS_58, RS_12_1"
ZTF18aabgsjq,0.95305496,0.93764067,,,0.900904,0.916165,CataclyV*,4,"RS_12, RS_24, RS_58, RS_12_1"
ZTF18absgnqy,0.99022686,0.9790325,0.9613937,,,0.99053264,CataclyV*,4,"RS_12, RS_24, RS_32, RS_12_1"
ZTF18absgzlq,0.9898245,,0.9531073,0.9946464,0.94376934,,CataclyV*,4,"RS_12, RS_32, RS_42, RS_58"
ZTF18achzexf,0.9521686,0.94575214,,,0.9498655,0.98996955,CataclyV*,4,"RS_12, RS_24, RS_58, RS_12_1"
ZTF19aabyoce,0.986791,0.9036498,0.9476503,,0.97727203,,CataclyV*,4,"RS_12, RS_24, RS_32, RS_58"
ZTF17aaaiqdu,0.91732955,0.9044338,0.94179136,,,0.9142053,CataclyV*,4,"RS_12, RS_24, RS_32, RS_12_1"
ZTF17aaciptm,,0.9336938,0.9989716,0.95859575,0.97711337,,,4,"RS_24, RS_32, RS_42, RS_58"
ZTF17aaatvny,0.98451626,,0.9364471,,0.9352437,0.9444877,CataclyV*,4,"RS_12, RS_32, RS_58, RS_12_1"
ZTF20acrprne,0.99494016,,,0.9908908,0.9887453,0.9916381,Unknown,4,"RS_12, RS_42, RS_58, RS_12_1"
ZTF18abtmeie,,,0.977522,0.96521574,0.9994869,0.975328,,4,"RS_32, RS_42, RS_58, RS_12_1"
ZTF19aaailog,0.94464415,0.9058383,,,0.9139327,0.9816419,Unknown,4,"RS_12, RS_24, RS_58, RS_12_1"
ZTF18acewadh,,0.9537454,,0.9043763,0.9494586,0.9398669,,4,"RS_24, RS_42, RS_58, RS_12_1"
ZTF18acecejd,0.9704015,,0.95390224,,0.983669,0.97289264,Unknown,4,"RS_12, RS_32, RS_58, RS_12_1"
ZTF17aacqong,,0.9628174,0.968458,0.9696307,,0.99151915,,4,"RS_24, RS_32, RS_42, RS_12_1"
ZTF20adbxfwr,0.98009676,0.96051896,0.98720443,0.99459994,,,CataclyV*,4,"RS_12, RS_24, RS_32, RS_42"
ZTF17aacwmyu,0.92202514,0.9790021,0.9446905,,,0.95626825,CataclyV*,4,"RS_12, RS_24, RS_32, RS_12_1"
ZTF18actaaed,0.9125042,,0.9565819,,0.9880782,0.995321,CataclyV*,4,"RS_12, RS_32, RS_58, RS_12_1"
ZTF18aaaamoh,0.9518958,,,0.9429983,0.9295055,0.97353995,CataclyV*,4,"RS_12, RS_42, RS_58, RS_12_1"
ZTF17aadfmzh,0.96798074,0.95228285,0.9184206,,,0.9467763,CataclyV*,4,"RS_12, RS_24, RS_32, RS_12_1"
ZTF18aauhben,,,0.99516183,0.9591825,0.99458647,0.9853478,,4,"RS_32, RS_42, RS_58, RS_12_1"
ZTF18abbkjbx,0.9566291,,,0.938856,0.9965346,0.9963716,CataclyV*,4,"RS_12, RS_42, RS_58, RS_12_1"
ZTF18acywwfg,0.9566861,,0.93108225,,0.9868645,0.99436,CataclyV*,4,"RS_12, RS_32, RS_58, RS_12_1"
ZTF18abbuvrd,0.90044135,0.90365154,0.9742089,,,0.9250741,CataclyV*,4,"RS_12, RS_24, RS_32, RS_12_1"
ZTF18aakgtsi,,,0.92639613,0.9708618,0.9014152,0.94766015,,4,"RS_32, RS_42, RS_58, RS_12_1"
ZTF20aaulboz,0.98009676,0.96051896,0.98720443,0.99459994,,,CataclyV*,4,"RS_12, RS_24, RS_32, RS_42"
ZTF19aaoigbf,0.9091636,,0.95384145,,0.9640145,0.98510796,Unknown,4,"RS_12, RS_32, RS_58, RS_12_1"
ZTF18acvwabh,,0.96513766,0.9891747,0.9583966,0.95149755,,,4,"RS_24, RS_32, RS_42, RS_58"
ZTF23abupmxg,0.96623504,,0.9901087,,0.9627053,0.96383744,CataclyV*,4,"RS_12, RS_32, RS_58, RS_12_1"
ZTF18aatczka,,0.9443343,0.95516354,,0.97032756,0.9412376,,4,"RS_24, RS_32, RS_58, RS_12_1"
ZTF18aasyauw,0.98568195,,,0.98585343,0.9961888,0.98901075,CataclyV*,4,"RS_12, RS_42, RS_58, RS_12_1"
ZTF24aayrves,,,0.978966,0.9630554,0.98946744,0.9181081,,4,"RS_32, RS_42, RS_58, RS_12_1"
ZTF17aaarxou,0.96648806,0.9576583,0.9644059,0.92516196,,,CataclyV*,4,"RS_12, RS_24, RS_32, RS_42"
ZTF17aaabwtm,0.9448198,0.9822312,,0.92114866,,0.9333281,CataclyV*,4,"RS_12, RS_24, RS_42, RS_12_1"
ZTF18aaacxft,0.99509627,,0.9196176,,0.9829044,0.9544908,CataclyV*,4,"RS_12, RS_32, RS_58, RS_12_1"
ZTF19acbmqhh,,0.90756524,0.98485225,0.9886673,,0.9606312,,4,"RS_24, RS_32, RS_42, RS_12_1"
ZTF18abaxueg,0.9899268,,0.95639986,,0.96557415,0.9948336,CataclyV*,4,"RS_12, RS_32, RS_58, RS_12_1"
ZTF18ablmdrf,,0.93662256,0.9290471,,0.9939785,0.97052413,,4,"RS_24, RS_32, RS_58, RS_12_1"
ZTF17aabrukj,,0.99001175,,0.9492997,0.9842332,0.97735935,,4,"RS_24, RS_42, RS_58, RS_12_1"
ZTF18adatlhb,0.9610974,,,0.98221785,0.9957247,0.99808216,Unknown,4,"RS_12, RS_42, RS_58, RS_12_1"
ZTF19aartouv,0.94425285,,,0.9436114,0.9549401,0.9887643,Unknown,4,"RS_12, RS_42, RS_58, RS_12_1"
ZTF25aadfalg,,0.96059036,0.97164243,0.96318763,,0.954428,,4,"RS_24, RS_32, RS_42, RS_12_1"
ZTF18adaiwkf,0.9487512,,0.99574274,,0.9626965,0.9082755,Unknown,4,"RS_12, RS_32, RS_58, RS_12_1"
ZTF17aabhioj,0.97994286,,,0.9070119,0.9967462,0.9906427,CataclyV*,4,"RS_12, RS_42, RS_58, RS_12_1"
ZTF18abaelhm,0.99090064,,0.9983948,0.9481446,,0.97719735,CataclyV*,4,"RS_12, RS_32, RS_42, RS_12_1"
ZTF18aazxcdt,,,0.9563294,0.9792102,0.99786264,0.98691934,,4,"RS_32, RS_42, RS_58, RS_12_1"
ZTF18aaxcnxg,0.9014448,,,0.95529145,0.9912965,0.95710945,CataclyV*,4,"RS_12, RS_42, RS_58, RS_12_1"
ZTF19accsxgq,,,0.9921164,0.9817063,0.9988269,0.9933761,,4,"RS_32, RS_42, RS_58, RS_12_1"
ZTF24acaexwb,0.97067326,,,0.9893652,0.978624,0.99080676,Unknown,4,"RS_12, RS_42, RS_58, RS_12_1"
ZTF17aabcojf,0.9826565,,0.9814751,0.94835556,,0.95407206,CataclyV*,4,"RS_12, RS_32, RS_42, RS_12_1"
ZTF18acwuiqa,0.9138437,,0.92211235,0.98334575,,0.9699191,CataclyV*,4,"RS_12, RS_32, RS_42, RS_12_1"
ZTF18aaylato,0.9956469,,,0.989303,0.90941936,0.941342,CataclyV*,4,"RS_12, RS_42, RS_58, RS_12_1"
ZTF20aazokle,0.98823357,0.9440562,,,0.9631719,0.9874341,Unknown,4,"RS_12, RS_24, RS_58, RS_12_1"
ZTF18acvdpit,0.98560625,,,0.9924839,0.9910697,0.94368094,Unknown,4,"RS_12, RS_42, RS_58, RS_12_1"
ZTF18aaawdai,0.9232891,,0.9045119,,0.9968041,0.99373734,CataclyV*,4,"RS_12, RS_32, RS_58, RS_12_1"
ZTF18acurilz,,0.96059036,0.97164243,0.96318763,,0.954428,,4,"RS_24, RS_32, RS_42, RS_12_1"
ZTF20aaebjnh,0.9794596,,0.9544506,,0.95937014,0.9542634,Unknown,4,"RS_12, RS_32, RS_58, RS_12_1"
ZTF18aaojabr,,,0.96898246,0.9096336,0.98046726,0.97119606,,4,"RS_32, RS_42, RS_58, RS_12_1"
ZTF18aabbkmg,0.9341194,0.9350771,0.9508029,,,0.92074513,CataclyV*,4,"RS_12, RS_24, RS_32, RS_12_1"
ZTF18acuajfg,,,0.9758851,0.957497,0.9518169,0.9118463,,4,"RS_32, RS_42, RS_58, RS_12_1"
ZTF20abeyqrp,0.96411973,,,0.99013585,0.9628533,0.9773144,Unknown,4,"RS_12, RS_42, RS_58, RS_12_1"
ZTF18aaaatwt,0.9805197,0.9628103,0.9776144,,,0.9948388,CataclyV*,4,"RS_12, RS_24, RS_32, RS_12_1"
ZTF18aaabbbv,0.9537523,0.9627859,,0.9193044,0.9412922,,CataclyV*,4,"RS_12, RS_24, RS_42, RS_58"
ZTF19aakprrp,0.96157694,,,0.99015594,0.9781091,0.9885464,Unknown,4,"RS_12, RS_42, RS_58, RS_12_1"
ZTF18aaabcav,0.97490215,0.96669155,,,0.9140817,0.9793062,CataclyV*,4,"RS_12, RS_24, RS_58, RS_12_1"
ZTF18abgzaai,0.9892737,0.93946236,0.9871705,,,0.94151706,Unknown,4,"RS_12, RS_24, RS_32, RS_12_1"
ZTF17aabgmof,0.94051063,0.9333059,,,0.9911192,0.99540186,CataclyV*,4,"RS_12, RS_24, RS_58, RS_12_1"
ZTF18abgkjbb,,,0.9823216,0.9671755,0.98994666,0.9878762,,4,"RS_32, RS_42, RS_58, RS_12_1"
ZTF18adbhptr,,0.98244286,0.9627247,,0.998485,0.9967049,,4,"RS_24, RS_32, RS_58, RS_12_1"
ZTF17aabcpit,0.9826565,,0.9814751,0.94835556,,0.95407206,CataclyV*,4,"RS_12, RS_32, RS_42, RS_12_1"
ZTF18aaawtyh,,0.90745336,0.98575497,,0.9845174,0.993379,,4,"RS_24, RS_32, RS_58, RS_12_1"
ZTF18aczclsc,0.9739083,,,0.92298347,0.9479463,0.942493,CataclyV*,4,"RS_12, RS_42, RS_58, RS_12_1"
ZTF20aazravt,0.94032645,,,0.97626346,0.9060729,0.9761431,Unknown,4,"RS_12, RS_42, RS_58, RS_12_1"
ZTF19abfjxjp,0.9627124,0.96694815,,0.95922846,,0.9717927,Unknown,4,"RS_12, RS_24, RS_42, RS_12_1"
ZTF18aaqphdi,0.97947836,,0.9927666,,0.9798672,0.9893588,CataclyV*,4,"RS_12, RS_32, RS_58, RS_12_1"
ZTF18aaawncb,0.9856383,0.97171164,,,0.9050134,0.977279,CataclyV*,4,"RS_12, RS_24, RS_58, RS_12_1"
ZTF19abkffyd,0.9683584,,,0.9508308,0.9286823,0.98173606,Unknown,4,"RS_12, RS_42, RS_58, RS_12_1"
ZTF18aaigpfi,,,0.99740285,0.9615375,0.99840575,0.980756,,4,"RS_32, RS_42, RS_58, RS_12_1"
ZTF17aabunmx,,0.9851938,0.95750624,,0.99227494,0.9893665,,4,"RS_24, RS_32, RS_58, RS_12_1"
ZTF17aaaxhyd,0.9744855,,0.9713696,0.935727,,0.9866477,Unknown,4,"RS_12, RS_32, RS_42, RS_12_1"
ZTF18admoxby,0.9782159,0.9258527,,,,0.9677596,CataclyV*,3,"RS_12, RS_24, RS_12_1"
ZTF18abzukky,,,0.94686764,,0.9831904,0.95933855,,3,"RS_32, RS_58, RS_12_1"
ZTF18aaadqso,0.9286144,,,,0.9897272,0.98798406,CataclyV*,3,"RS_12, RS_58, RS_12_1"
ZTF18accnopc,0.96844137,0.9350566,0.9717387,,,,CataclyV*,3,"RS_12, RS_24, RS_32"
ZTF18acyygqo,0.9316947,,,0.94545597,0.9174287,,CataclyV*,3,"RS_12, RS_42, RS_58"
ZTF17aaasaat,0.90409386,,,0.9021127,,0.9004485,CataclyV*,3,"RS_12, RS_42, RS_12_1"
ZTF18acclkfa,,,0.9775738,0.9741503,0.99131924,,,3,"RS_32, RS_42, RS_58"
ZTF18admsenf,,,0.9350267,,0.9825749,0.9758592,,3,"RS_32, RS_58, RS_12_1"
ZTF17aadgtbk,,,0.9660184,,0.9767273,0.9245257,,3,"RS_32, RS_58, RS_12_1"
ZTF17aadidew,,0.9806138,,,0.96683437,0.9792132,,3,"RS_24, RS_58, RS_12_1"
ZTF18acyerom,0.9555241,,,,0.98754334,0.9912089,CataclyV*,3,"RS_12, RS_58, RS_12_1"
ZTF18acbzgpn,,,0.9529527,0.9321997,0.96199566,,,3,"RS_32, RS_42, RS_58"
ZTF18aczdduq,0.9761766,,,0.9449852,,0.9142581,Unknown,3,"RS_12, RS_42, RS_12_1"
ZTF18acytaod,,0.96950233,,0.9181478,0.9683017,,,3,"RS_24, RS_42, RS_58"
ZTF18aabiwph,0.98150027,,0.9245319,,0.93873477,,CataclyV*,3,"RS_12, RS_32, RS_58"
ZTF18adacftp,0.9412168,0.94688064,,,,0.9729278,Unknown,3,"RS_12, RS_24, RS_12_1"
ZTF18actautk,0.98466253,,,,0.99580103,0.9975624,CataclyV*,3,"RS_12, RS_58, RS_12_1"
ZTF17aadmkrk,0.97793007,,0.9887038,,,0.9920197,CataclyV*,3,"RS_12, RS_32, RS_12_1"
ZTF18aaayomw,,,0.96341616,0.90816754,,0.94726634,,3,"RS_32, RS_42, RS_12_1"
ZTF18adjssyi,,,,0.9374446,0.94883955,0.96123487,,3,"RS_42, RS_58, RS_12_1"
ZTF17aaaqqng,,0.9213573,0.9509908,,,0.97600514,,3,"RS_24, RS_32, RS_12_1"
ZTF18aabfgws,,0.9773039,0.9691537,,,0.9208411,,3,"RS_24, RS_32, RS_12_1"
ZTF18acuwyti,0.9513246,0.9068424,,0.9776024,,,CataclyV*,3,"RS_12, RS_24, RS_42"
ZTF18acpoocp,0.9543483,,,0.9684581,0.9898964,,CataclyV*,3,"RS_12, RS_42, RS_58"
ZTF18acusxzs,,0.9016218,0.92926013,,,0.9048315,,3,"RS_24, RS_32, RS_12_1"
ZTF18acrtvan,,,0.9560491,,0.93310124,0.9578965,,3,"RS_32, RS_58, RS_12_1"
ZTF17aadrnho,0.9599676,,,,0.9956726,0.9882287,CataclyV*,3,"RS_12, RS_58, RS_12_1"
ZTF18aculosz,0.94048023,,0.9575172,,,0.9526438,CataclyV*,3,"RS_12, RS_32, RS_12_1"
ZTF18aaaypbc,0.98150027,,0.9245319,,0.93873477,,CataclyV*,3,"RS_12, RS_32, RS_58"
ZTF18acuexzs,0.9286238,,,0.9720891,0.961575,,CataclyV*,3,"RS_12, RS_42, RS_58"
ZTF18adnfjio,0.9985189,,0.94631934,,0.94549483,,CataclyV*,3,"RS_12, RS_32, RS_58"
ZTF18actztaf,0.92938596,0.91286325,,,,0.9650171,Unknown,3,"RS_12, RS_24, RS_12_1"
ZTF18aabefyl,,,0.91666526,,0.99663335,0.993785,,3,"RS_32, RS_58, RS_12_1"
ZTF18adbahiw,,0.97693074,,,0.9433065,0.96953815,,3,"RS_24, RS_58, RS_12_1"
ZTF18aabfvvr,,,0.9039352,,0.96736664,0.93611133,,3,"RS_32, RS_58, RS_12_1"
ZTF18aaacmkb,,,,0.93661827,0.96320444,0.91842437,,3,"RS_42, RS_58, RS_12_1"
ZTF18aaameuf,0.9698803,,0.9308141,0.95495564,,,CataclyV*,3,"RS_12, RS_32, RS_42"
ZTF18aaadvcv,,,0.96404284,0.98973244,0.9233076,,,3,"RS_32, RS_42, RS_58"
ZTF20aaqberk,0.94669676,,,0.95603234,,0.98215115,Unknown,3,"RS_12, RS_42, RS_12_1"
ZTF17aaasjcq,0.91759264,0.9596735,,0.90014386,,,CataclyV*,3,"RS_12, RS_24, RS_42"
ZTF18aabgnmu,0.919962,,0.95151114,,,0.9454973,CataclyV*,3,"RS_12, RS_32, RS_12_1"
ZTF18aceweue,,0.9389525,,,0.96409243,0.9568239,,3,"RS_24, RS_58, RS_12_1"
ZTF18admcqem,0.9949615,,0.9867383,,,0.98771137,CataclyV*,3,"RS_12, RS_32, RS_12_1"
ZTF18aabfwba,0.90812516,0.93212605,,,,0.90867907,CataclyV*,3,"RS_12, RS_24, RS_12_1"
ZTF18aaawczn,,0.9582956,0.9720028,,,0.9150078,,3,"RS_24, RS_32, RS_12_1"
ZTF20actnqzc,,0.9816243,0.9651433,0.9716673,,,,3,"RS_24, RS_32, RS_42"
ZTF17aadnnft,0.98831475,,0.9000028,0.9686781,,,CataclyV*_Candidate,3,"RS_12, RS_32, RS_42"
ZTF20aaimqhh,,,0.9422346,0.97883487,0.97971994,,,3,"RS_32, RS_42, RS_58"
ZTF18achtemt,0.94342864,,,0.9769793,,0.9747405,Unknown,3,"RS_12, RS_42, RS_12_1"
ZTF17aadpvbz,,,0.9492438,,0.98435783,0.9545677,,3,"RS_32, RS_58, RS_12_1"
ZTF18acvvypr,0.927864,,,,0.9936924,0.98866326,CataclyV*,3,"RS_12, RS_58, RS_12_1"
ZTF18aaaocpc,,,0.9252841,,0.96648896,0.92977214,,3,"RS_32, RS_58, RS_12_1"
ZTF17aadbpmi,,0.908234,,,0.991377,0.9901918,,3,"RS_24, RS_58, RS_12_1"
ZTF18abmsrqy,,,0.9238444,,0.9668928,0.94600844,,3,"RS_32, RS_58, RS_12_1"
ZTF19aacxymc,0.964732,,0.9827153,,,0.92871696,CataclyV*,3,"RS_12, RS_32, RS_12_1"
ZTF18abetdej,,0.92786574,0.93380016,,,0.9540406,,3,"RS_24, RS_32, RS_12_1"
ZTF18aaicnwh,,,0.9768336,,0.9966145,0.964258,,3,"RS_32, RS_58, RS_12_1"
ZTF18abgjgiq,0.9575015,,,0.93455034,,0.9871586,CataclyV*,3,"RS_12, RS_42, RS_12_1"
ZTF23abemsxc,0.92379904,,,0.95819014,,0.9904632,Unknown,3,"RS_12, RS_42, RS_12_1"
ZTF19aakvwdu,,,,0.956912,0.980806,0.9695058,,3,"RS_42, RS_58, RS_12_1"
ZTF19aakmorl,,,0.9877175,0.9039963,0.986129,,,3,"RS_32, RS_42, RS_58"
ZTF23aaxnczi,0.9637152,,,0.910667,,0.9263971,Unknown,3,"RS_12, RS_42, RS_12_1"
ZTF17aabuuug,0.91626036,,,0.95274615,,0.9500262,CataclyV*,3,"RS_12, RS_42, RS_12_1"
ZTF18abiycii,,,0.97221833,0.94798785,,0.92723304,,3,"RS_32, RS_42, RS_12_1"
ZTF17aabvszf,0.9808091,,0.98253644,,,0.9835593,CataclyV*,3,"RS_12, RS_32, RS_12_1"
ZTF23aajllxj,,,,0.9340553,0.96753824,0.9631738,,3,"RS_42, RS_58, RS_12_1"
ZTF18abkjgcu,0.9653086,,0.9764364,,0.90634507,,Unknown,3,"RS_12, RS_32, RS_58"
ZTF23aafiozm,0.95779103,0.9472323,,0.9919274,,,CataclyV*,3,"RS_12, RS_24, RS_42"
ZTF17aabwkuo,0.93389875,,0.91069394,,0.9470843,,CataclyV*,3,"RS_12, RS_32, RS_58"
ZTF18abmahbc,,0.9433371,0.96994656,,,0.95394415,,3,"RS_24, RS_32, RS_12_1"
ZTF18abmeeik,,,,0.98459226,0.96977377,0.918522,,3,"RS_42, RS_58, RS_12_1"
ZTF17aabxjdq,,,0.97371936,,0.99121606,0.96962154,,3,"RS_32, RS_58, RS_12_1"
ZTF18abmeytq,0.9949615,,0.9867383,,,0.98771137,CataclyV*,3,"RS_12, RS_32, RS_12_1"
ZTF18abmfybu,,0.98092824,0.9721071,,,0.94827485,,3,"RS_24, RS_32, RS_12_1"
ZTF18aahmxsl,0.9736206,,,0.9910432,,0.90192825,CataclyV*,3,"RS_12, RS_42, RS_12_1"
ZTF18abmolxg,0.9266783,,0.95278674,,,0.90810066,CataclyV*,3,"RS_12, RS_32, RS_12_1"
ZTF18abxvqlt,0.95137596,,,,0.9944582,0.99165887,CataclyV*,3,"RS_12, RS_58, RS_12_1"
ZTF18abnopiu,0.93384105,,,,0.97913307,0.9500186,CataclyV*,3,"RS_12, RS_58, RS_12_1"
ZTF18aagsgqc,,0.96882266,,,0.97107375,0.97005546,,3,"RS_24, RS_58, RS_12_1"
ZTF18abolziw,0.9308685,,,0.9549248,0.9344525,,CataclyV*,3,"RS_12, RS_42, RS_58"
ZTF17aaagyuc,0.9808091,,0.98253644,,,0.9835593,CataclyV*,3,"RS_12, RS_32, RS_12_1"
ZTF18aaixpsq,,,0.9428053,,0.9658382,0.9334788,,3,"RS_32, RS_58, RS_12_1"
ZTF17aabujji,,,0.9707968,,0.99434954,0.970144,,3,"RS_32, RS_58, RS_12_1"
ZTF18aazahsn,,,0.94686764,,0.98435783,0.9532159,,3,"RS_32, RS_58, RS_12_1"
ZTF17aaabfay,,,0.93232924,,0.9752925,0.99013036,,3,"RS_32, RS_58, RS_12_1"
ZTF19acajacs,,0.9053865,,0.94851243,,0.91448075,,3,"RS_24, RS_42, RS_12_1"
ZTF19abkpqht,0.95441824,0.92562324,0.93170285,,,,CataclyV*,3,"RS_12, RS_24, RS_32"
ZTF17aaabpmv,0.91759264,0.9596735,,0.90014386,,,CataclyV*,3,"RS_12, RS_24, RS_42"
ZTF18aaupmlp,,,0.9204605,0.9709138,0.9554626,,,3,"RS_32, RS_42, RS_58"
ZTF18aavjone,,,,0.9374446,0.94883955,0.96123487,,3,"RS_42, RS_58, RS_12_1"
ZTF18aakticr,,,0.91400003,,0.9232166,0.9097111,,3,"RS_32, RS_58, RS_12_1"
ZTF18aaylcic,0.9657031,,,0.9627414,,0.9580193,CataclyV*,3,"RS_12, RS_42, RS_12_1"
ZTF18aakpggd,0.9679602,,,0.96072173,,0.91145205,CataclyV*,3,"RS_12, RS_42, RS_12_1"
ZTF25aaatayf,,0.94526845,0.9140758,0.9203198,,,,3,"RS_24, RS_32, RS_42"
ZTF19aavdfsp,0.9231345,,0.9568864,0.9584369,,,CataclyV*,3,"RS_12, RS_32, RS_42"
ZTF19aasawoa,0.9184154,,,,0.9963875,0.99009776,CataclyV*,3,"RS_12, RS_58, RS_12_1"
ZTF17aabtrco,,,0.99528617,,0.9363053,0.9121016,,3,"RS_32, RS_58, RS_12_1"
ZTF18abaulyr,,,0.97771,,0.98224384,0.93349135,,3,"RS_32, RS_58, RS_12_1"
ZTF19aapcuzf,0.92424554,,,,0.942317,0.9068752,Unknown,3,"RS_12, RS_58, RS_12_1"
ZTF18abbxjwb,,,,0.9642843,0.9944681,0.94542944,,3,"RS_42, RS_58, RS_12_1"
ZTF19aanpgdw,,,0.95089763,,0.9887971,0.9890043,,3,"RS_32, RS_58, RS_12_1"
ZTF18abcdtlj,,,,0.97699887,0.90169775,0.9117066,,3,"RS_42, RS_58, RS_12_1"
ZTF18abceint,0.98956466,,0.9434228,,,0.9678072,Unknown,3,"RS_12, RS_32, RS_12_1"
ZTF17aabshnv,0.93725306,,,,0.9137144,0.95847493,CataclyV*,3,"RS_12, RS_58, RS_12_1"
ZTF17aabswnq,,0.9643316,0.9631441,0.95410156,,,,3,"RS_24, RS_32, RS_42"
ZTF19aanchzf,,,0.91441804,0.93093544,,0.92461324,,3,"RS_32, RS_42, RS_12_1"
ZTF24aajpkog,0.9298883,,,0.9795562,,0.90171057,Unknown,3,"RS_12, RS_42, RS_12_1"
ZTF18abcsatf,,0.9708929,,,0.96451527,0.97161084,,3,"RS_24, RS_58, RS_12_1"
ZTF18abomvcg,0.98676467,,0.9074588,,,0.96474385,CataclyV*,3,"RS_12, RS_32, RS_12_1"
ZTF18aczecdj,0.9635917,0.94192016,,,,0.97879535,Unknown,3,"RS_12, RS_24, RS_12_1"
ZTF17aacbuuj,0.9088741,0.92424905,0.96928656,,,,CataclyV*,3,"RS_12, RS_24, RS_32"
ZTF18abtnfxg,,,0.9201982,,0.9878444,0.9560167,,3,"RS_32, RS_58, RS_12_1"
ZTF17aaddxac,,0.9806138,,,0.96683437,0.9792132,,3,"RS_24, RS_58, RS_12_1"
ZTF17aadeudb,,,0.9007127,,0.9664642,0.9236119,,3,"RS_32, RS_58, RS_12_1"
ZTF18aabktwo,0.96049756,0.9299899,,,0.94657004,,CataclyV*,3,"RS_12, RS_24, RS_58"
ZTF17aacmiwg,0.9110839,,,0.9784908,0.9571787,,CataclyV*,3,"RS_12, RS_42, RS_58"
ZTF18aablttq,0.97924006,,0.96840525,,,0.9423308,CataclyV*,3,"RS_12, RS_32, RS_12_1"
ZTF17aacnfia,,,0.9603737,,0.98305005,0.95753664,,3,"RS_32, RS_58, RS_12_1"
ZTF18aabniof,0.96064395,,,,0.94778395,0.954917,CataclyV*,3,"RS_12, RS_58, RS_12_1"
ZTF19adgobek,,,0.9877175,0.9039963,0.986129,,,3,"RS_32, RS_42, RS_58"
ZTF19aaahqdl,0.9821247,0.9449106,,,,0.9720825,Unknown,3,"RS_12, RS_24, RS_12_1"
ZTF19aabiozv,0.98787564,,,0.9778179,,0.96905285,CataclyV*,3,"RS_12, RS_42, RS_12_1"
ZTF21abavzjd,,,,0.98459226,0.96977377,0.918522,,3,"RS_42, RS_58, RS_12_1"
ZTF18aagsenq,0.9808919,,0.9135813,,,0.92822284,CataclyV*,3,"RS_12, RS_32, RS_12_1"
ZTF18adnluuy,,,0.9201982,,0.9878444,0.9560167,,3,"RS_32, RS_58, RS_12_1"
ZTF18abtrvrd,0.97053,,,,0.99636215,0.99560815,CataclyV*,3,"RS_12, RS_58, RS_12_1"
ZTF17aadesnh,,0.9056495,,,0.990845,0.9765354,,3,"RS_24, RS_58, RS_12_1"
ZTF18abumkda,0.9332158,,0.99247074,,0.9880476,,CataclyV*,3,"RS_12, RS_32, RS_58"
ZTF18aabszen,,0.925446,,,0.93699163,0.9700112,,3,"RS_24, RS_58, RS_12_1"
ZTF18abudxnu,,,0.9232376,0.95427895,0.95599014,,,3,"RS_32, RS_42, RS_58"
ZTF19aaapbvi,0.9526542,,,,0.9939726,0.98903614,CataclyV*,3,"RS_12, RS_58, RS_12_1"
ZTF18aabrqzd,,,0.940819,,0.9949597,0.97922164,,3,"RS_32, RS_58, RS_12_1"
ZTF17aaaipza,,0.9056495,,,0.990845,0.9765354,,3,"RS_24, RS_58, RS_12_1"
ZTF19aacowoc,,,0.90153,,0.9779559,0.9341196,,3,"RS_32, RS_58, RS_12_1"
ZTF17aacekfc,,,0.9007127,,0.9664642,0.9236119,,3,"RS_32, RS_58, RS_12_1"
ZTF18aabjncu,0.9698803,,0.9308141,0.95495564,,,CataclyV*,3,"RS_12, RS_32, RS_42"
ZTF18abppgdj,0.9274672,,,0.9332212,0.9526437,,CataclyV*,3,"RS_12, RS_42, RS_58"
ZTF18abqdtes,0.95875645,,,,0.9499896,0.9638741,CataclyV*,3,"RS_12, RS_58, RS_12_1"
ZTF17aaatgri,,,0.93420607,,0.946489,0.9878399,,3,"RS_32, RS_58, RS_12_1"
ZTF18abxgykz,0.96490175,,,,0.9917965,0.9786477,CataclyV*,3,"RS_12, RS_58, RS_12_1"
ZTF18abwzssj,,0.9781607,,,0.9753695,0.96637905,,3,"RS_24, RS_58, RS_12_1"
ZTF18abqedag,,,0.9364014,,0.9854236,0.93290746,,3,"RS_32, RS_58, RS_12_1"
ZTF18aabjqhl,,,0.99217075,,0.99427044,0.98830193,,3,"RS_32, RS_58, RS_12_1"
ZTF18abskynw,0.9985189,,0.94631934,,0.94549483,,CataclyV*,3,"RS_12, RS_32, RS_58"
ZTF18abrqfjs,0.9136081,0.9499114,,0.9830862,,,CataclyV*,3,"RS_12, RS_24, RS_42"
ZTF18abscxct,,0.94786775,0.94012284,,,0.95908695,,3,"RS_24, RS_32, RS_12_1"
ZTF18abshhtu,,,0.93031543,,0.9989662,0.9920792,,3,"RS_32, RS_58, RS_12_1"
ZTF18abwnokc,,,0.9203124,,0.98289996,0.9704577,,3,"RS_32, RS_58, RS_12_1"
ZTF18adolwoi,0.96745414,,,,,0.9411093,CataclyV*,2,"RS_12, RS_12_1"
ZTF19abzlxpy,0.943063,,0.96400714,,,,Unknown,2,"RS_12, RS_32"
ZTF18adooaph,,,,,0.9614391,0.9052931,,2,"RS_58, RS_12_1"
ZTF17aadgkoj,,,,,0.987276,0.91494435,,2,"RS_58, RS_12_1"
ZTF19adgwxqp,,,,0.9621883,,0.9744143,,2,"RS_42, RS_12_1"
ZTF17aabojht,,,,,0.9044586,0.9934975,,2,"RS_58, RS_12_1"
ZTF19aaxnqtg,,,0.942053,,0.9878764,,,2,"RS_32, RS_58"
ZTF17aabrpuh,,,,0.9789748,0.95308566,,,2,"RS_42, RS_58"
ZTF20aakyvdk,,0.9490127,,0.962718,,,,2,"RS_24, RS_42"
ZTF18adnjmve,0.9502934,,,,,0.9015788,Unknown,2,"RS_12, RS_12_1"
ZTF19aaxkqhd,,,,,0.91525894,0.92510295,,2,"RS_58, RS_12_1"
ZTF19aalaiwx,,,,0.9621883,,0.9744143,,2,"RS_42, RS_12_1"
ZTF17aadbpoq,,,,,0.9044586,0.9934975,,2,"RS_58, RS_12_1"
ZTF17aaawqnt,,,,0.93171674,0.99528944,,,2,"RS_42, RS_58"
ZTF19acxpivm,,,,0.93189156,,0.90723944,,2,"RS_42, RS_12_1"
ZTF19acvwknn,0.90243113,,,0.9548977,,,Unknown,2,"RS_12, RS_42"
ZTF17aaawpsz,,,,,0.9796745,0.95901144,,2,"RS_58, RS_12_1"
ZTF17aabyrom,,,,,0.98371214,0.99114966,,2,"RS_58, RS_12_1"
ZTF17aadswom,,0.9570481,,,,0.94820046,,2,"RS_24, RS_12_1"
ZTF17aabypst,,0.95027137,,,0.9875079,,,2,"RS_24, RS_58"
ZTF19aaclwhr,0.959758,,,0.9342009,,,CataclyV*,2,"RS_12, RS_42"
ZTF18adjbzlj,0.9686094,,,,,0.945058,CataclyV*,2,"RS_12, RS_12_1"
ZTF17aabxkbu,,,,,0.97407883,0.926938,,2,"RS_58, RS_12_1"
ZTF17aadptta,0.9087708,,,,,0.9664687,Unknown,2,"RS_12, RS_12_1"
ZTF20aaeuecr,,,,,0.9858725,0.98568785,,2,"RS_58, RS_12_1"
ZTF19acltvuw,,,,0.9186282,,0.925301,,2,"RS_42, RS_12_1"
ZTF18admewpb,,,,,0.9503978,0.943975,,2,"RS_58, RS_12_1"
ZTF18adlzzsh,,0.9804301,0.972129,,,,,2,"RS_24, RS_32"
ZTF18admcewc,,,0.9823177,,0.98890185,,,2,"RS_32, RS_58"
ZTF19acehtsn,,,,0.9587375,0.97097373,,,2,"RS_42, RS_58"
ZTF17aacpcfj,,,,,0.9537904,0.9615611,,2,"RS_58, RS_12_1"
ZTF18admenjm,0.91100985,,,,,0.9627995,CataclyV*,2,"RS_12, RS_12_1"
ZTF19aaafowo,0.94861853,,,0.94237524,,,CataclyV*,2,"RS_12, RS_42"
ZTF19aalvizg,0.9618412,,,,0.9946426,,CataclyV*,2,"RS_12, RS_58"
ZTF18adrxpam,,,,,0.9919282,0.94051766,,2,"RS_58, RS_12_1"
ZTF17aabulyc,,,,,0.9787121,0.9297147,,2,"RS_58, RS_12_1"
ZTF18aczejci,0.9469686,,,0.91774786,,,CataclyV*,2,"RS_12, RS_42"
ZTF18adpqccq,,,,,0.91481376,0.9110629,,2,"RS_58, RS_12_1"
ZTF17aadewid,,,,,0.9603172,0.98870766,,2,"RS_58, RS_12_1"
ZTF18acvbjaw,,,,,0.9190629,0.9293707,,2,"RS_58, RS_12_1"
ZTF18abtcyai,,,0.9597057,,0.9897021,,,2,"RS_32, RS_58"
ZTF17aaaiapl,,,,0.9103973,0.99163026,,,2,"RS_42, RS_58"
ZTF18abiklxj,,,,,0.9341835,0.938233,,2,"RS_58, RS_12_1"
ZTF18abixdpa,0.9498373,,,,,0.9715038,CataclyV*,2,"RS_12, RS_12_1"
ZTF18abjyjek,,,,0.9176338,0.9260955,,,2,"RS_42, RS_58"
ZTF18aahxkit,,,0.9185596,,0.98239267,,,2,"RS_32, RS_58"
ZTF18abmbdgo,,,,,0.9307778,0.970633,,2,"RS_58, RS_12_1"
ZTF18abmehmi,,,,,0.93559307,0.90065074,,2,"RS_58, RS_12_1"
ZTF18abmewej,0.94198126,,0.9240659,,,,CataclyV*,2,"RS_12, RS_32"
ZTF18abmnxnv,,,,,0.9503978,0.943975,,2,"RS_58, RS_12_1"
ZTF18abnolsl,,,,,0.9321768,0.9824128,,2,"RS_58, RS_12_1"
ZTF18abnpmfj,,0.95382255,,,0.9237514,,,2,"RS_24, RS_58"
ZTF18abnyaoy,,0.9694399,,,,0.9612374,,2,"RS_24, RS_12_1"
ZTF18abodfgz,,,,0.9621731,0.96533626,,,2,"RS_42, RS_58"
ZTF18abotfmi,,,0.9691806,,,0.9234583,,2,"RS_32, RS_12_1"
ZTF18abpbojh,,,,,0.98498976,0.95361024,,2,"RS_58, RS_12_1"
ZTF22aayubur,,,,,0.958516,0.97063816,,2,"RS_58, RS_12_1"
ZTF21accichu,,,,,0.9445971,0.96491855,,2,"RS_58, RS_12_1"
ZTF18aaglmmw,0.9106256,,,,,0.9782823,Unknown,2,"RS_12, RS_12_1"
ZTF17aaaindr,,,,,0.98672265,0.9878427,,2,"RS_58, RS_12_1"
ZTF18abrwkko,,0.904734,,,,0.9222137,,2,"RS_24, RS_12_1"
ZTF18abrwqal,,,,,0.93951845,0.9426801,,2,"RS_58, RS_12_1"
ZTF18abslrqn,,,,,0.9919282,0.94051766,,2,"RS_58, RS_12_1"
ZTF22aagyavf,0.9250499,0.9225643,,,,,Unknown,2,"RS_12, RS_24"
ZTF22aafzmmc,0.92369425,,,,,0.9724327,Unknown,2,"RS_12, RS_12_1"
ZTF18aaadslt,,0.9405762,0.9399352,,,,,2,"RS_24, RS_32"
ZTF18aacddjc,0.92312735,,,0.95640707,,,Unknown,2,"RS_12, RS_42"
ZTF18aabzbss,,,,,0.9231601,0.93770695,,2,"RS_58, RS_12_1"
ZTF18aabxycb,,,,,0.992968,0.9853732,,2,"RS_58, RS_12_1"
ZTF18aabxxwr,,,,,0.992968,0.9853732,,2,"RS_58, RS_12_1"
ZTF21acposfb,,,,,0.9340331,0.92603904,,2,"RS_58, RS_12_1"
ZTF17aaairkd,,,,0.93915975,,0.95483345,,2,"RS_42, RS_12_1"
ZTF23aazfqqt,,,,0.9270272,0.93912035,,,2,"RS_42, RS_58"
ZTF18abhpaez,,,,,0.97368324,0.96842223,,2,"RS_58, RS_12_1"
ZTF18abgydpk,,,,0.91364,,0.92633295,,2,"RS_42, RS_12_1"
ZTF18aaieivs,,0.9323736,,,0.92233753,,,2,"RS_24, RS_58"
ZTF18aaosguh,,,0.947518,,0.9764351,,,2,"RS_32, RS_58"
ZTF18aaotzqk,0.9686094,,,,,0.945058,CataclyV*,2,"RS_12, RS_12_1"
ZTF25abuhmys,0.97302455,,,,0.99533635,,Unknown,2,"RS_12, RS_58"
ZTF18aaqjfit,,,,,0.97212344,0.95832396,,2,"RS_58, RS_12_1"
ZTF18aaqkidj,0.906191,,,,0.9902947,,CataclyV*,2,"RS_12, RS_58"
ZTF18aalovfu,,,0.92936075,0.9614593,,,,2,"RS_32, RS_42"
ZTF17aaacdos,,,,,0.9778234,0.9645836,,2,"RS_58, RS_12_1"
ZTF18aavsldw,,,,0.90111154,0.9695524,,,2,"RS_42, RS_58"
ZTF17aaaehqt,,0.9555511,0.90783393,,,,,2,"RS_24, RS_32"
ZTF18aaxywha,,0.9474916,,,0.9743121,,,2,"RS_24, RS_58"
ZTF18aaylrvm,,,,,0.9780985,0.98426646,,2,"RS_58, RS_12_1"
ZTF18aayrlef,0.947084,,,,0.942264,,Unknown,2,"RS_12, RS_58"
ZTF18aayxqoc,,,0.9079254,0.95199263,,,,2,"RS_32, RS_42"
ZTF18aazrnrs,,0.91716987,0.98101234,,,,,2,"RS_24, RS_32"
ZTF18abaiuvj,,0.9356851,0.92975503,,,,,2,"RS_24, RS_32"
ZTF18aakhdye,,,0.9427357,,0.9234628,,,2,"RS_32, RS_58"
ZTF18abasxce,0.9455818,,,,,0.9393716,CataclyV*,2,"RS_12, RS_12_1"
ZTF24abcclee,,0.9804301,0.972129,,,,,2,"RS_24, RS_32"
ZTF17aaagvsz,0.985344,,0.9582138,,,,CataclyV*,2,"RS_12, RS_32"
ZTF18abcbqxj,,,,,0.95102,0.94981486,,2,"RS_58, RS_12_1"
ZTF18aajyerc,,,,,0.94948244,0.9678689,,2,"RS_58, RS_12_1"
ZTF18abcicny,0.94699675,,0.9253199,,,,CataclyV*,2,"RS_12, RS_32"
ZTF18abcoyrf,,,,,0.9624664,0.9190172,,2,"RS_58, RS_12_1"
ZTF18abcpkyg,0.91886026,,0.93013537,,,,CataclyV*,2,"RS_12, RS_32"
ZTF18aajlfdq,,,,,0.9282545,0.98229295,,2,"RS_58, RS_12_1"
ZTF18abdeygt,,0.9767486,0.9339425,,,,,2,"RS_24, RS_32"
ZTF18abdlywu,,,,,0.93809366,0.92523247,,2,"RS_58, RS_12_1"
ZTF18aaivgmp,,,0.9722735,,0.96922797,,,2,"RS_32, RS_58"
ZTF18abffzxq,,,,0.9380174,0.9908958,,,2,"RS_42, RS_58"
ZTF18abtoupn,0.90579516,,0.90330356,,,,CataclyV*,2,"RS_12, RS_32"
ZTF20acvfwun,0.9457558,,,,,0.9881925,Unknown,2,"RS_12, RS_12_1"
ZTF18acegehb,,,,,0.9614391,0.9052931,,2,"RS_58, RS_12_1"
ZTF20abeojwu,,,,,0.9419597,0.93092674,,2,"RS_58, RS_12_1"
ZTF18acrvdrm,,,,,0.9938958,0.9856711,,2,"RS_58, RS_12_1"
ZTF18abzyvjx,,,0.9468871,,0.9465921,,,2,"RS_32, RS_58"
ZTF20abbidze,,,,,0.9100723,0.94482934,,2,"RS_58, RS_12_1"
ZTF17aaajnpg,,,,0.9858601,0.9709328,,,2,"RS_42, RS_58"
ZTF18accxlfh,0.92261386,,,0.96670884,,,Unknown,2,"RS_12, RS_42"
ZTF18acullnw,,,,0.92156065,0.9205949,,,2,"RS_42, RS_58"
ZTF20abbqfga,,,0.90289813,,,0.9326874,,2,"RS_32, RS_12_1"
ZTF17aaanzaz,,,,,0.9748303,0.95781094,,2,"RS_58, RS_12_1"
ZTF18acdzfpl,0.96745414,,,,,0.9411093,CataclyV*,2,"RS_12, RS_12_1"
ZTF18abtrtcs,,,,,0.9740605,0.9537863,,2,"RS_58, RS_12_1"
ZTF18actbrbg,0.95454335,,0.99057823,,,,CataclyV*,2,"RS_12, RS_32"
ZTF21aampbly,0.9586691,,,,,0.91608435,Unknown,2,"RS_12, RS_12_1"
ZTF18aabgcvz,,,,,0.9615168,0.9670085,,2,"RS_58, RS_12_1"
ZTF20abxurnb,,,,,0.95106906,0.92899597,,2,"RS_58, RS_12_1"
ZTF20acuhraz,,,0.9050048,0.9662307,,,,2,"RS_32, RS_42"
ZTF20aceklog,,,0.9545681,,0.9655867,,,2,"RS_32, RS_58"
ZTF17aaapdpb,,0.9310779,,,,0.9546757,,2,"RS_24, RS_12_1"
ZTF18achzhtm,,,,,0.9377462,0.9403974,,2,"RS_58, RS_12_1"
ZTF20acjqjjq,0.9238766,,,,,0.9889388,Unknown,2,"RS_12, RS_12_1"
ZTF18acrxmxy,,,,0.92954314,0.9894853,,,2,"RS_42, RS_58"
ZTF18acnocdo,,,,,0.96390235,0.9448777,,2,"RS_58, RS_12_1"
ZTF18acruxtm,,,,,0.9471345,0.938233,,2,"RS_58, RS_12_1"
ZTF18abyymej,,,,,0.9931431,0.9670282,,2,"RS_58, RS_12_1"
ZTF18aaashju,,,,,0.9740621,0.9594267,,2,"RS_58, RS_12_1"
ZTF18abvjbsu,,0.9299239,0.9935075,,,,,2,"RS_24, RS_32"
ZTF18acwzcfl,,0.9326744,,0.953832,,,,2,"RS_24, RS_42"
ZTF18abtyrpb,,,0.90115464,0.97172076,,,,2,"RS_32, RS_42"
ZTF18aaadsus,,,0.9609671,,0.91457,,,2,"RS_32, RS_58"
ZTF18abtywsw,,0.9055506,,,0.96829164,,,2,"RS_24, RS_58"
ZTF18aabsmhl,,,,0.91971296,,0.9758754,,2,"RS_42, RS_12_1"
ZTF18aabsiul,,,,,0.9844254,0.97528243,,2,"RS_58, RS_12_1"
ZTF18abujfcu,,,,,0.985241,0.98693746,,2,"RS_58, RS_12_1"
ZTF18abuqhmk,,,,,0.9835926,0.97156525,,2,"RS_58, RS_12_1"
ZTF18aabpubs,,,,,0.9295045,0.9413279,,2,"RS_58, RS_12_1"
ZTF18abvgcbb,,,,,0.9875114,0.99104077,,2,"RS_58, RS_12_1"
ZTF21abawduv,,0.9804301,0.972129,,,,,2,"RS_24, RS_32"
ZTF18abvtydv,,,,,0.9505342,0.9631204,,2,"RS_58, RS_12_1"
ZTF18acrwlyl,,,,,0.9444461,0.9751814,,2,"RS_58, RS_12_1"
ZTF18abwglxa,,,,,0.99340147,0.9851709,,2,"RS_58, RS_12_1"
ZTF20aaplfaf,,,,,0.90615445,0.9575772,,2,"RS_58, RS_12_1"
ZTF18abxhqft,,,0.94787633,,0.9435778,,,2,"RS_32, RS_58"
ZTF21aaqujsi,,0.9525996,,,0.9547752,,,2,"RS_24, RS_58"
ZTF18abxxpkk,,,,,0.9877389,0.95126826,,2,"RS_58, RS_12_1"
ZTF18aaanjgg,0.9436819,,,,0.9043405,,CataclyV*,2,"RS_12, RS_58"
ZTF18abxywka,,,,,0.99120086,0.9752467,,2,"RS_58, RS_12_1"
ZTF18aaagcqv,,,0.9252139,,,0.96070224,,2,"RS_32, RS_12_1"
